nohup: ignoring input
/home/ec2-user/research_proj/AGDA-Plus/.venv/lib64/python3.9/site-packages/torch/storage.py:414: FutureWarning: You are using `torch.load` with `weights_only=False` (the current default value), which uses the default pickle module implicitly. It is possible to construct malicious pickle data which will execute arbitrary code during unpickling (See https://github.com/pytorch/pytorch/blob/main/SECURITY.md#untrusted-models for more details). In a future release, the default value for `weights_only` will be flipped to `True`. This limits the functions that could be executed during unpickling. Arbitrary objects will no longer be allowed to be loaded via this mode unless they are explicitly allowlisted by the user via `torch.serialization.add_safe_globals`. We recommend you start setting `weights_only=True` for any use case where you don't have full control of the loaded file. Please open an issue on GitHub for any issues related to this experimental feature.
  return torch.load(io.BytesIO(b))
data:gisette,number_of_data:6000,dim_features:5000
L:0.053220038704550165, mu:0.01, kappa: 5.322003870455016
GDA: lr_y=18.78991493319795,lr_x=0.029382944615477646
AGDA: lr_y=18.78991493319795,lr_x=0.1567090379492141
Phi0 = 0.6932174911522168
-----------------------------------------------------------------------------------------------
Total Complexity:
sim times: 0 iter: 0 epoch: 0 OC: 0 SC: 0
Current Complexity:
iter: 0 epoch: 0 OC: 0 SC: 0
Iterates Info:
acc: 0.5073333333333333 , loss: 0.6932174911522168 , primalF: 0.6932174911522168
||sto grad_x||^2: 0.15044178688148394 ||sto grad_y||^2: 9.349462580397175e-30
||true grad_x||^2: 0.1504417868814839 ||true grad_y||^2: 9.349462580397175e-30
lr_x: 7.9143619992218674 , lr_y: 90.0
mu: 0.01 , kappa: 10
{'lr_x': 7.9143619992218674, 'lr_y': 90.0, 'b': 6000, 'eps': tensor(0.0432, device='cuda:0', grad_fn=<PowBackward0>), 'N': 1, 'K': 3000, 'real_K': 3000, 'L': 0.011111111111111112, 'mu': 0.01, 'std_x': 0.0, 'std_y': 0.0, 'is_force_b': False, 'method': 'primal_line_search_N_1_AGDA', 'pjx': False, 'pjy': True}
positive number of yi(batch): 6000 max y_i: 0.00016665649414093764 min y_i: 0.00016665649414093764
positive number of yi(total): 6000 max y_i: 0.00016665649414093764 min y_i: 0.00016665649414093764
-----------------------------------------------------------------------------------------------


contraction 0 fails, the gap is nan
Phi0 = 0.6932174911522168
-----------------------------------------------------------------------------------------------
Total Complexity:
sim times: 0 iter: 4 epoch: 4.0 OC: 24000.0 SC: 24000
Current Complexity:
iter: 0 epoch: 0 OC: 0 SC: 0
Iterates Info:
acc: 0.5073333333333333 , loss: 0.6932174911522168 , primalF: 0.6932174911522168
||sto grad_x||^2: 0.1504417868814839 ||sto grad_y||^2: 1.1542546395552069e-29
||true grad_x||^2: 0.1504417868814839 ||true grad_y||^2: 1.1542546395552069e-29
lr_x: 5.769569897432742 , lr_y: 81.0
mu: 0.01 , kappa: 10
{'lr_x': 5.769569897432742, 'lr_y': 81.0, 'b': 6000, 'eps': tensor(0.0506, device='cuda:0', grad_fn=<PowBackward0>), 'N': 1, 'K': 3000, 'real_K': 3000, 'L': 0.012345679012345678, 'mu': 0.01, 'std_x': 0.0, 'std_y': 0.0, 'is_force_b': False, 'method': 'primal_line_search_N_1_AGDA', 'pjx': False, 'pjy': True}
positive number of yi(batch): 6000 max y_i: 0.00016665649414093764 min y_i: 0.00016665649414093764
positive number of yi(total): 6000 max y_i: 0.00016665649414093764 min y_i: 0.00016665649414093764
-----------------------------------------------------------------------------------------------


contraction 1 fails, the gap is nan
Phi0 = 0.6932174911522168
-----------------------------------------------------------------------------------------------
Total Complexity:
sim times: 0 iter: 8 epoch: 8.0 OC: 48000.0 SC: 48000
Current Complexity:
iter: 0 epoch: 0 OC: 0 SC: 0
Iterates Info:
acc: 0.5073333333333333 , loss: 0.6932174911522168 , primalF: 0.6932174911485225
||sto grad_x||^2: 0.1504417868814839 ||sto grad_y||^2: 1.4250057278459346e-29
||true grad_x||^2: 0.1504417868814839 ||true grad_y||^2: 1.4250057278459346e-29
lr_x: 4.20601645522847 , lr_y: 72.9
mu: 0.01 , kappa: 10
{'lr_x': 4.20601645522847, 'lr_y': 72.9, 'b': 6000, 'eps': tensor(0.0593, device='cuda:0', grad_fn=<PowBackward0>), 'N': 1, 'K': 3000, 'real_K': 3000, 'L': 0.013717421124828532, 'mu': 0.01, 'std_x': 0.0, 'std_y': 0.0, 'is_force_b': False, 'method': 'primal_line_search_N_1_AGDA', 'pjx': False, 'pjy': True}
positive number of yi(batch): 6000 max y_i: 0.00016665649414093764 min y_i: 0.00016665649414093764
positive number of yi(total): 6000 max y_i: 0.00016665649414093764 min y_i: 0.00016665649414093764
-----------------------------------------------------------------------------------------------


contraction 2 fails, the gap is nan
Phi0 = 0.6932174911522168
-----------------------------------------------------------------------------------------------
Total Complexity:
sim times: 0 iter: 13 epoch: 13.0 OC: 78000.0 SC: 78000
Current Complexity:
iter: 0 epoch: 0 OC: 0 SC: 0
Iterates Info:
acc: 0.5073333333333333 , loss: 0.6932174911522168 , primalF: 0.6932174911522168
||sto grad_x||^2: 0.1504417868814839 ||sto grad_y||^2: 1.759266330673994e-29
||true grad_x||^2: 0.1504417868814839 ||true grad_y||^2: 1.759266330673994e-29
lr_x: 3.066185995861554 , lr_y: 65.61
mu: 0.01 , kappa: 10
{'lr_x': 3.066185995861554, 'lr_y': 65.61, 'b': 6000, 'eps': tensor(0.0694, device='cuda:0', grad_fn=<PowBackward0>), 'N': 1, 'K': 3000, 'real_K': 3000, 'L': 0.015241579027587257, 'mu': 0.01, 'std_x': 0.0, 'std_y': 0.0, 'is_force_b': False, 'method': 'primal_line_search_N_1_AGDA', 'pjx': False, 'pjy': True}
positive number of yi(batch): 6000 max y_i: 0.00016665649414093764 min y_i: 0.00016665649414093764
positive number of yi(total): 6000 max y_i: 0.00016665649414093764 min y_i: 0.00016665649414093764
-----------------------------------------------------------------------------------------------


contraction 3 fails, the gap is nan
Phi0 = 0.6932174911522168
-----------------------------------------------------------------------------------------------
Total Complexity:
sim times: 0 iter: 18 epoch: 18.0 OC: 108000.0 SC: 108000
Current Complexity:
iter: 0 epoch: 0 OC: 0 SC: 0
Iterates Info:
acc: 0.5073333333333333 , loss: 0.6932174911522168 , primalF: 0.6932174911522168
||sto grad_x||^2: 0.1504417868814839 ||sto grad_y||^2: 2.1719337415728316e-29
||true grad_x||^2: 0.1504417868814839 ||true grad_y||^2: 2.1719337415728316e-29
lr_x: 2.2352495909830723 , lr_y: 59.049
mu: 0.01 , kappa: 10
{'lr_x': 2.2352495909830723, 'lr_y': 59.049, 'b': 6000, 'eps': tensor(0.0813, device='cuda:0', grad_fn=<PowBackward0>), 'N': 1, 'K': 3000, 'real_K': 3000, 'L': 0.016935087808430286, 'mu': 0.01, 'std_x': 0.0, 'std_y': 0.0, 'is_force_b': False, 'method': 'primal_line_search_N_1_AGDA', 'pjx': False, 'pjy': True}
positive number of yi(batch): 6000 max y_i: 0.00016665649414093764 min y_i: 0.00016665649414093764
positive number of yi(total): 6000 max y_i: 0.00016665649414093764 min y_i: 0.00016665649414093764
-----------------------------------------------------------------------------------------------


contraction 4 fails, the gap is nan
Phi0 = 0.6932174911522168
-----------------------------------------------------------------------------------------------
Total Complexity:
sim times: 0 iter: 24 epoch: 24.0 OC: 144000.0 SC: 144000
Current Complexity:
iter: 0 epoch: 0 OC: 0 SC: 0
Iterates Info:
acc: 0.5073333333333333 , loss: 0.6932174911522168 , primalF: 0.6932174911522168
||sto grad_x||^2: 0.1504417868814839 ||sto grad_y||^2: 2.681399680954113e-29
||true grad_x||^2: 0.1504417868814839 ||true grad_y||^2: 2.681399680954113e-29
lr_x: 1.62949695182666 , lr_y: 53.1441
mu: 0.01 , kappa: 10
{'lr_x': 1.62949695182666, 'lr_y': 53.1441, 'b': 6000, 'eps': tensor(0.0953, device='cuda:0', grad_fn=<PowBackward0>), 'N': 1, 'K': 3000, 'real_K': 3000, 'L': 0.018816764231589206, 'mu': 0.01, 'std_x': 0.0, 'std_y': 0.0, 'is_force_b': False, 'method': 'primal_line_search_N_1_AGDA', 'pjx': False, 'pjy': True}
positive number of yi(batch): 6000 max y_i: 0.00016665649414093764 min y_i: 0.00016665649414093764
positive number of yi(total): 6000 max y_i: 0.00016665649414093764 min y_i: 0.00016665649414093764
-----------------------------------------------------------------------------------------------


contraction 5 fails, the gap is nan
Phi0 = 0.6932174911522168
-----------------------------------------------------------------------------------------------
Total Complexity:
sim times: 0 iter: 30 epoch: 30.0 OC: 180000.0 SC: 180000
Current Complexity:
iter: 0 epoch: 0 OC: 0 SC: 0
Iterates Info:
acc: 0.5073333333333333 , loss: 0.6932174911522168 , primalF: 0.6932174911522168
||sto grad_x||^2: 0.15044178688148394 ||sto grad_y||^2: 3.3103699764865584e-29
||true grad_x||^2: 0.1504417868814839 ||true grad_y||^2: 3.3103699764865584e-29
lr_x: 1.1879032778816354 , lr_y: 47.82969000000001
mu: 0.01 , kappa: 10
{'lr_x': 1.1879032778816354, 'lr_y': 47.82969000000001, 'b': 6000, 'eps': tensor(0.1116, device='cuda:0', grad_fn=<PowBackward0>), 'N': 1, 'K': 3000, 'real_K': 3000, 'L': 0.020907515812876896, 'mu': 0.01, 'std_x': 0.0, 'std_y': 0.0, 'is_force_b': False, 'method': 'primal_line_search_N_1_AGDA', 'pjx': False, 'pjy': True}
positive number of yi(batch): 6000 max y_i: 0.00016665649414093764 min y_i: 0.00016665649414093764
positive number of yi(total): 6000 max y_i: 0.00016665649414093764 min y_i: 0.00016665649414093764
-----------------------------------------------------------------------------------------------


contraction 6 fails, the gap is nan
Phi0 = 0.6932174911522168
-----------------------------------------------------------------------------------------------
Total Complexity:
sim times: 0 iter: 39 epoch: 39.0 OC: 234000.0 SC: 234000
Current Complexity:
iter: 0 epoch: 0 OC: 0 SC: 0
Iterates Info:
acc: 0.5073333333333333 , loss: 0.6932174911522168 , primalF: 0.6932174911522168
||sto grad_x||^2: 0.1504417868814839 ||sto grad_y||^2: 0.0
||true grad_x||^2: 0.1504417868814839 ||true grad_y||^2: 0.0
lr_x: 0.8659814895757123 , lr_y: 43.046721000000005
mu: 0.01 , kappa: 10
{'lr_x': 0.8659814895757123, 'lr_y': 43.046721000000005, 'b': 6000, 'eps': tensor(0.1307, device='cuda:0', grad_fn=<PowBackward0>), 'N': 1, 'K': 3000, 'real_K': 3000, 'L': 0.023230573125418773, 'mu': 0.01, 'std_x': 0.0, 'std_y': 0.0, 'is_force_b': False, 'method': 'primal_line_search_N_1_AGDA', 'pjx': False, 'pjy': True}
positive number of yi(batch): 6000 max y_i: 0.00016665649414093764 min y_i: 0.00016665649414093764
positive number of yi(total): 6000 max y_i: 0.00016665649414093764 min y_i: 0.00016665649414093764
-----------------------------------------------------------------------------------------------


-----------------------------------------------------------------------------------------------
Total Complexity:
sim times: 0 iter: 89 epoch: 89.0 OC: 534000.0 SC: 534000
Current Complexity:
iter: 50 epoch: 50.0 OC: 300000.0 SC: 300000
Iterates Info:
acc: 0.5 , loss: 11.523584111745164 , primalF: 11.523584114693026
||sto grad_x||^2: 21.246952719023746 ||sto grad_y||^2: 0.0
||true grad_x||^2: 21.246952719023746 ||true grad_y||^2: 0.0
lr_x: 0.8659814895757123 , lr_y: 43.046721000000005
mu: 0.01 , kappa: 10
{'lr_x': 0.8659814895757123, 'lr_y': 43.046721000000005, 'b': 6000, 'eps': tensor(0.1307, device='cuda:0', grad_fn=<PowBackward0>), 'N': 1, 'K': 3000, 'real_K': 3000, 'L': 0.023230573125418773, 'mu': 0.01, 'std_x': 0.0, 'std_y': 0.0, 'is_force_b': False, 'method': 'primal_line_search_N_1_AGDA', 'pjx': False, 'pjy': True}
positive number of yi(batch): 6000 max y_i: 0.00016665649411606864 min y_i: 0.00016665649411606864
positive number of yi(total): 6000 max y_i: 0.00016665649411606864 min y_i: 0.00016665649411606864
-----------------------------------------------------------------------------------------------


-----------------------------------------------------------------------------------------------
Total Complexity:
sim times: 0 iter: 139 epoch: 139.0 OC: 834000.0 SC: 834000
Current Complexity:
iter: 100 epoch: 100.0 OC: 600000.0 SC: 600000
Iterates Info:
acc: 0.5 , loss: 11.523733778984598 , primalF: 11.523733780949863
||sto grad_x||^2: 21.2469048728079 ||sto grad_y||^2: 0.0
||true grad_x||^2: 21.2469048728079 ||true grad_y||^2: 0.0
lr_x: 0.8659814895757123 , lr_y: 43.046721000000005
mu: 0.01 , kappa: 10
{'lr_x': 0.8659814895757123, 'lr_y': 43.046721000000005, 'b': 6000, 'eps': tensor(0.1307, device='cuda:0', grad_fn=<PowBackward0>), 'N': 1, 'K': 3000, 'real_K': 3000, 'L': 0.023230573125418773, 'mu': 0.01, 'std_x': 0.0, 'std_y': 0.0, 'is_force_b': False, 'method': 'primal_line_search_N_1_AGDA', 'pjx': False, 'pjy': True}
positive number of yi(batch): 6000 max y_i: 0.00016665649411606864 min y_i: 0.00016665649411606864
positive number of yi(total): 6000 max y_i: 0.00016665649411606864 min y_i: 0.00016665649411606864
-----------------------------------------------------------------------------------------------


-----------------------------------------------------------------------------------------------
Total Complexity:
sim times: 0 iter: 189 epoch: 189.0 OC: 1134000.0 SC: 1134000
Current Complexity:
iter: 150 epoch: 150.0 OC: 900000.0 SC: 900000
Iterates Info:
acc: 0.5 , loss: 11.523922739710393 , primalF: 11.52392274167569
||sto grad_x||^2: 21.246890428550227 ||sto grad_y||^2: 0.0
||true grad_x||^2: 21.246890428550227 ||true grad_y||^2: 0.0
lr_x: 0.8659814895757123 , lr_y: 43.046721000000005
mu: 0.01 , kappa: 10
{'lr_x': 0.8659814895757123, 'lr_y': 43.046721000000005, 'b': 6000, 'eps': tensor(0.1307, device='cuda:0', grad_fn=<PowBackward0>), 'N': 1, 'K': 3000, 'real_K': 3000, 'L': 0.023230573125418773, 'mu': 0.01, 'std_x': 0.0, 'std_y': 0.0, 'is_force_b': False, 'method': 'primal_line_search_N_1_AGDA', 'pjx': False, 'pjy': True}
positive number of yi(batch): 6000 max y_i: 0.00016665649411606864 min y_i: 0.00016665649411606864
positive number of yi(total): 6000 max y_i: 0.00016665649411606864 min y_i: 0.00016665649411606864
-----------------------------------------------------------------------------------------------


-----------------------------------------------------------------------------------------------
Total Complexity:
sim times: 0 iter: 239 epoch: 239.0 OC: 1434000.0 SC: 1434000
Current Complexity:
iter: 200 epoch: 200.0 OC: 1200000.0 SC: 1200000
Iterates Info:
acc: 0.5 , loss: 11.524112629746917 , primalF: 11.524112631712248
||sto grad_x||^2: 21.246884417798476 ||sto grad_y||^2: 0.0
||true grad_x||^2: 21.246884417798476 ||true grad_y||^2: 0.0
lr_x: 0.8659814895757123 , lr_y: 43.046721000000005
mu: 0.01 , kappa: 10
{'lr_x': 0.8659814895757123, 'lr_y': 43.046721000000005, 'b': 6000, 'eps': tensor(0.1307, device='cuda:0', grad_fn=<PowBackward0>), 'N': 1, 'K': 3000, 'real_K': 3000, 'L': 0.023230573125418773, 'mu': 0.01, 'std_x': 0.0, 'std_y': 0.0, 'is_force_b': False, 'method': 'primal_line_search_N_1_AGDA', 'pjx': False, 'pjy': True}
positive number of yi(batch): 6000 max y_i: 0.00016665649411606864 min y_i: 0.00016665649411606864
positive number of yi(total): 6000 max y_i: 0.00016665649411606864 min y_i: 0.00016665649411606864
-----------------------------------------------------------------------------------------------


-----------------------------------------------------------------------------------------------
Total Complexity:
sim times: 0 iter: 289 epoch: 289.0 OC: 1734000.0 SC: 1734000
Current Complexity:
iter: 250 epoch: 250.0 OC: 1500000.0 SC: 1500000
Iterates Info:
acc: 0.5 , loss: 11.524297310078246 , primalF: 11.524297312043608
||sto grad_x||^2: 21.24688134251847 ||sto grad_y||^2: 0.0
||true grad_x||^2: 21.24688134251847 ||true grad_y||^2: 0.0
lr_x: 0.8659814895757123 , lr_y: 43.046721000000005
mu: 0.01 , kappa: 10
{'lr_x': 0.8659814895757123, 'lr_y': 43.046721000000005, 'b': 6000, 'eps': tensor(0.1307, device='cuda:0', grad_fn=<PowBackward0>), 'N': 1, 'K': 3000, 'real_K': 3000, 'L': 0.023230573125418773, 'mu': 0.01, 'std_x': 0.0, 'std_y': 0.0, 'is_force_b': False, 'method': 'primal_line_search_N_1_AGDA', 'pjx': False, 'pjy': True}
positive number of yi(batch): 6000 max y_i: 0.00016665649411606864 min y_i: 0.00016665649411606864
positive number of yi(total): 6000 max y_i: 0.00016665649411606864 min y_i: 0.00016665649411606864
-----------------------------------------------------------------------------------------------


-----------------------------------------------------------------------------------------------
Total Complexity:
sim times: 0 iter: 339 epoch: 339.0 OC: 2034000.0 SC: 2034000
Current Complexity:
iter: 300 epoch: 300.0 OC: 1800000.0 SC: 1800000
Iterates Info:
acc: 0.5 , loss: 11.52447607226621 , primalF: 11.524476075214299
||sto grad_x||^2: 21.24687944462194 ||sto grad_y||^2: 0.0
||true grad_x||^2: 21.24687944462194 ||true grad_y||^2: 0.0
lr_x: 0.8659814895757123 , lr_y: 43.046721000000005
mu: 0.01 , kappa: 10
{'lr_x': 0.8659814895757123, 'lr_y': 43.046721000000005, 'b': 6000, 'eps': tensor(0.1307, device='cuda:0', grad_fn=<PowBackward0>), 'N': 1, 'K': 3000, 'real_K': 3000, 'L': 0.023230573125418773, 'mu': 0.01, 'std_x': 0.0, 'std_y': 0.0, 'is_force_b': False, 'method': 'primal_line_search_N_1_AGDA', 'pjx': False, 'pjy': True}
positive number of yi(batch): 6000 max y_i: 0.00016665649411606864 min y_i: 0.00016665649411606864
positive number of yi(total): 6000 max y_i: 0.00016665649411606864 min y_i: 0.00016665649411606864
-----------------------------------------------------------------------------------------------


-----------------------------------------------------------------------------------------------
Total Complexity:
sim times: 0 iter: 389 epoch: 389.0 OC: 2334000.0 SC: 2334000
Current Complexity:
iter: 350 epoch: 350.0 OC: 2100000.0 SC: 2100000
Iterates Info:
acc: 0.5 , loss: 11.52464944470219 , primalF: 11.52464944666761
||sto grad_x||^2: 21.24687804400728 ||sto grad_y||^2: 0.0
||true grad_x||^2: 21.24687804400728 ||true grad_y||^2: 0.0
lr_x: 0.8659814895757123 , lr_y: 43.046721000000005
mu: 0.01 , kappa: 10
{'lr_x': 0.8659814895757123, 'lr_y': 43.046721000000005, 'b': 6000, 'eps': tensor(0.1307, device='cuda:0', grad_fn=<PowBackward0>), 'N': 1, 'K': 3000, 'real_K': 3000, 'L': 0.023230573125418773, 'mu': 0.01, 'std_x': 0.0, 'std_y': 0.0, 'is_force_b': False, 'method': 'primal_line_search_N_1_AGDA', 'pjx': False, 'pjy': True}
positive number of yi(batch): 6000 max y_i: 0.00016665649411606864 min y_i: 0.00016665649411606864
positive number of yi(total): 6000 max y_i: 0.00016665649411606864 min y_i: 0.00016665649411606864
-----------------------------------------------------------------------------------------------


-----------------------------------------------------------------------------------------------
Total Complexity:
sim times: 0 iter: 439 epoch: 439.0 OC: 2634000.0 SC: 2634000
Current Complexity:
iter: 400 epoch: 400.0 OC: 2400000.0 SC: 2400000
Iterates Info:
acc: 0.5 , loss: 11.524818231125538 , primalF: 11.524818233090988
||sto grad_x||^2: 21.246876846578765 ||sto grad_y||^2: 0.0
||true grad_x||^2: 21.246876846578754 ||true grad_y||^2: 0.0
lr_x: 0.8659814895757123 , lr_y: 43.046721000000005
mu: 0.01 , kappa: 10
{'lr_x': 0.8659814895757123, 'lr_y': 43.046721000000005, 'b': 6000, 'eps': tensor(0.1307, device='cuda:0', grad_fn=<PowBackward0>), 'N': 1, 'K': 3000, 'real_K': 3000, 'L': 0.023230573125418773, 'mu': 0.01, 'std_x': 0.0, 'std_y': 0.0, 'is_force_b': False, 'method': 'primal_line_search_N_1_AGDA', 'pjx': False, 'pjy': True}
positive number of yi(batch): 6000 max y_i: 0.00016665649411606864 min y_i: 0.00016665649411606864
positive number of yi(total): 6000 max y_i: 0.00016665649411606864 min y_i: 0.00016665649411606864
-----------------------------------------------------------------------------------------------


-----------------------------------------------------------------------------------------------
Total Complexity:
sim times: 0 iter: 489 epoch: 489.0 OC: 2934000.0 SC: 2934000
Current Complexity:
iter: 450 epoch: 450.0 OC: 2700000.0 SC: 2700000
Iterates Info:
acc: 0.5 , loss: 11.52498323298199 , primalF: 11.524983234947467
||sto grad_x||^2: 21.246875715665954 ||sto grad_y||^2: 0.0
||true grad_x||^2: 21.246875715665954 ||true grad_y||^2: 0.0
lr_x: 0.8659814895757123 , lr_y: 43.046721000000005
mu: 0.01 , kappa: 10
{'lr_x': 0.8659814895757123, 'lr_y': 43.046721000000005, 'b': 6000, 'eps': tensor(0.1307, device='cuda:0', grad_fn=<PowBackward0>), 'N': 1, 'K': 3000, 'real_K': 3000, 'L': 0.023230573125418773, 'mu': 0.01, 'std_x': 0.0, 'std_y': 0.0, 'is_force_b': False, 'method': 'primal_line_search_N_1_AGDA', 'pjx': False, 'pjy': True}
positive number of yi(batch): 6000 max y_i: 0.00016665649411606864 min y_i: 0.00016665649411606864
positive number of yi(total): 6000 max y_i: 0.00016665649411606864 min y_i: 0.00016665649411606864
-----------------------------------------------------------------------------------------------


-----------------------------------------------------------------------------------------------
Total Complexity:
sim times: 0 iter: 539 epoch: 539.0 OC: 3234000.0 SC: 3234000
Current Complexity:
iter: 500 epoch: 500.0 OC: 3000000.0 SC: 3000000
Iterates Info:
acc: 0.5 , loss: 11.52514516097514 , primalF: 11.525145163923396
||sto grad_x||^2: 21.246874584352202 ||sto grad_y||^2: 0.0
||true grad_x||^2: 21.246874584352202 ||true grad_y||^2: 0.0
lr_x: 0.8659814895757123 , lr_y: 43.046721000000005
mu: 0.01 , kappa: 10
{'lr_x': 0.8659814895757123, 'lr_y': 43.046721000000005, 'b': 6000, 'eps': tensor(0.1307, device='cuda:0', grad_fn=<PowBackward0>), 'N': 1, 'K': 3000, 'real_K': 3000, 'L': 0.023230573125418773, 'mu': 0.01, 'std_x': 0.0, 'std_y': 0.0, 'is_force_b': False, 'method': 'primal_line_search_N_1_AGDA', 'pjx': False, 'pjy': True}
positive number of yi(batch): 6000 max y_i: 0.00016665649411606864 min y_i: 0.00016665649411606864
positive number of yi(total): 6000 max y_i: 0.00016665649411606864 min y_i: 0.00016665649411606864
-----------------------------------------------------------------------------------------------


-----------------------------------------------------------------------------------------------
Total Complexity:
sim times: 0 iter: 589 epoch: 589.0 OC: 3534000.0 SC: 3534000
Current Complexity:
iter: 550 epoch: 550.0 OC: 3300000.0 SC: 3300000
Iterates Info:
acc: 0.5 , loss: 11.525304610860791 , primalF: 11.525304612826327
||sto grad_x||^2: 21.246873418305416 ||sto grad_y||^2: 0.0
||true grad_x||^2: 21.246873418305416 ||true grad_y||^2: 0.0
lr_x: 0.8659814895757123 , lr_y: 43.046721000000005
mu: 0.01 , kappa: 10
{'lr_x': 0.8659814895757123, 'lr_y': 43.046721000000005, 'b': 6000, 'eps': tensor(0.1307, device='cuda:0', grad_fn=<PowBackward0>), 'N': 1, 'K': 3000, 'real_K': 3000, 'L': 0.023230573125418773, 'mu': 0.01, 'std_x': 0.0, 'std_y': 0.0, 'is_force_b': False, 'method': 'primal_line_search_N_1_AGDA', 'pjx': False, 'pjy': True}
positive number of yi(batch): 6000 max y_i: 0.00016665649411606864 min y_i: 0.00016665649411606864
positive number of yi(total): 6000 max y_i: 0.00016665649411606864 min y_i: 0.00016665649411606864
-----------------------------------------------------------------------------------------------


-----------------------------------------------------------------------------------------------
Total Complexity:
sim times: 0 iter: 639 epoch: 639.0 OC: 3834000.0 SC: 3834000
Current Complexity:
iter: 600 epoch: 600.0 OC: 3600000.0 SC: 3600000
Iterates Info:
acc: 0.5 , loss: 11.525462063930469 , primalF: 11.525462065896027
||sto grad_x||^2: 21.246872198849708 ||sto grad_y||^2: 0.0
||true grad_x||^2: 21.246872198849708 ||true grad_y||^2: 0.0
lr_x: 0.8659814895757123 , lr_y: 43.046721000000005
mu: 0.01 , kappa: 10
{'lr_x': 0.8659814895757123, 'lr_y': 43.046721000000005, 'b': 6000, 'eps': tensor(0.1307, device='cuda:0', grad_fn=<PowBackward0>), 'N': 1, 'K': 3000, 'real_K': 3000, 'L': 0.023230573125418773, 'mu': 0.01, 'std_x': 0.0, 'std_y': 0.0, 'is_force_b': False, 'method': 'primal_line_search_N_1_AGDA', 'pjx': False, 'pjy': True}
positive number of yi(batch): 6000 max y_i: 0.00016665649411606864 min y_i: 0.00016665649411606864
positive number of yi(total): 6000 max y_i: 0.00016665649411606864 min y_i: 0.00016665649411606864
-----------------------------------------------------------------------------------------------


-----------------------------------------------------------------------------------------------
Total Complexity:
sim times: 0 iter: 689 epoch: 689.0 OC: 4134000.0 SC: 4134000
Current Complexity:
iter: 650 epoch: 650.0 OC: 3900000.0 SC: 3900000
Iterates Info:
acc: 0.5 , loss: 11.525617897048681 , primalF: 11.525617899014268
||sto grad_x||^2: 21.24687091483262 ||sto grad_y||^2: 0.0
||true grad_x||^2: 21.24687091483262 ||true grad_y||^2: 0.0
lr_x: 0.8659814895757123 , lr_y: 43.046721000000005
mu: 0.01 , kappa: 10
{'lr_x': 0.8659814895757123, 'lr_y': 43.046721000000005, 'b': 6000, 'eps': tensor(0.1307, device='cuda:0', grad_fn=<PowBackward0>), 'N': 1, 'K': 3000, 'real_K': 3000, 'L': 0.023230573125418773, 'mu': 0.01, 'std_x': 0.0, 'std_y': 0.0, 'is_force_b': False, 'method': 'primal_line_search_N_1_AGDA', 'pjx': False, 'pjy': True}
positive number of yi(batch): 6000 max y_i: 0.00016665649411606864 min y_i: 0.00016665649411606864
positive number of yi(total): 6000 max y_i: 0.00016665649411606864 min y_i: 0.00016665649411606864
-----------------------------------------------------------------------------------------------


-----------------------------------------------------------------------------------------------
Total Complexity:
sim times: 0 iter: 739 epoch: 739.0 OC: 4434000.0 SC: 4434000
Current Complexity:
iter: 700 epoch: 700.0 OC: 4200000.0 SC: 4200000
Iterates Info:
acc: 0.5 , loss: 11.525772395651027 , primalF: 11.525772397616642
||sto grad_x||^2: 21.24686955855467 ||sto grad_y||^2: 0.0
||true grad_x||^2: 21.24686955855467 ||true grad_y||^2: 0.0
lr_x: 0.8659814895757123 , lr_y: 43.046721000000005
mu: 0.01 , kappa: 10
{'lr_x': 0.8659814895757123, 'lr_y': 43.046721000000005, 'b': 6000, 'eps': tensor(0.1307, device='cuda:0', grad_fn=<PowBackward0>), 'N': 1, 'K': 3000, 'real_K': 3000, 'L': 0.023230573125418773, 'mu': 0.01, 'std_x': 0.0, 'std_y': 0.0, 'is_force_b': False, 'method': 'primal_line_search_N_1_AGDA', 'pjx': False, 'pjy': True}
positive number of yi(batch): 6000 max y_i: 0.00016665649411606864 min y_i: 0.00016665649411606864
positive number of yi(total): 6000 max y_i: 0.00016665649411606864 min y_i: 0.00016665649411606864
-----------------------------------------------------------------------------------------------


-----------------------------------------------------------------------------------------------
Total Complexity:
sim times: 0 iter: 789 epoch: 789.0 OC: 4734000.0 SC: 4734000
Current Complexity:
iter: 750 epoch: 750.0 OC: 4500000.0 SC: 4500000
Iterates Info:
acc: 0.5 , loss: 11.525925766662516 , primalF: 11.525925769610977
||sto grad_x||^2: 21.246868123664182 ||sto grad_y||^2: 0.0
||true grad_x||^2: 21.246868123664182 ||true grad_y||^2: 0.0
lr_x: 0.8659814895757123 , lr_y: 43.046721000000005
mu: 0.01 , kappa: 10
{'lr_x': 0.8659814895757123, 'lr_y': 43.046721000000005, 'b': 6000, 'eps': tensor(0.1307, device='cuda:0', grad_fn=<PowBackward0>), 'N': 1, 'K': 3000, 'real_K': 3000, 'L': 0.023230573125418773, 'mu': 0.01, 'std_x': 0.0, 'std_y': 0.0, 'is_force_b': False, 'method': 'primal_line_search_N_1_AGDA', 'pjx': False, 'pjy': True}
positive number of yi(batch): 6000 max y_i: 0.00016665649411606864 min y_i: 0.00016665649411606864
positive number of yi(total): 6000 max y_i: 0.00016665649411606864 min y_i: 0.00016665649411606864
-----------------------------------------------------------------------------------------------


-----------------------------------------------------------------------------------------------
Total Complexity:
sim times: 0 iter: 839 epoch: 839.0 OC: 5034000.0 SC: 5034000
Current Complexity:
iter: 800 epoch: 800.0 OC: 4800000.0 SC: 4800000
Iterates Info:
acc: 0.5 , loss: 11.52607814996499 , primalF: 11.526078151930655
||sto grad_x||^2: 21.246866604034945 ||sto grad_y||^2: 0.0
||true grad_x||^2: 21.246866604034945 ||true grad_y||^2: 0.0
lr_x: 0.8659814895757123 , lr_y: 43.046721000000005
mu: 0.01 , kappa: 10
{'lr_x': 0.8659814895757123, 'lr_y': 43.046721000000005, 'b': 6000, 'eps': tensor(0.1307, device='cuda:0', grad_fn=<PowBackward0>), 'N': 1, 'K': 3000, 'real_K': 3000, 'L': 0.023230573125418773, 'mu': 0.01, 'std_x': 0.0, 'std_y': 0.0, 'is_force_b': False, 'method': 'primal_line_search_N_1_AGDA', 'pjx': False, 'pjy': True}
positive number of yi(batch): 6000 max y_i: 0.00016665649411606864 min y_i: 0.00016665649411606864
positive number of yi(total): 6000 max y_i: 0.00016665649411606864 min y_i: 0.00016665649411606864
-----------------------------------------------------------------------------------------------


-----------------------------------------------------------------------------------------------
Total Complexity:
sim times: 0 iter: 889 epoch: 889.0 OC: 5334000.0 SC: 5334000
Current Complexity:
iter: 850 epoch: 850.0 OC: 5100000.0 SC: 5100000
Iterates Info:
acc: 0.5 , loss: 11.526229627868473 , primalF: 11.526229630817008
||sto grad_x||^2: 21.246864993145465 ||sto grad_y||^2: 0.0
||true grad_x||^2: 21.246864993145465 ||true grad_y||^2: 0.0
lr_x: 0.8659814895757123 , lr_y: 43.046721000000005
mu: 0.01 , kappa: 10
{'lr_x': 0.8659814895757123, 'lr_y': 43.046721000000005, 'b': 6000, 'eps': tensor(0.1307, device='cuda:0', grad_fn=<PowBackward0>), 'N': 1, 'K': 3000, 'real_K': 3000, 'L': 0.023230573125418773, 'mu': 0.01, 'std_x': 0.0, 'std_y': 0.0, 'is_force_b': False, 'method': 'primal_line_search_N_1_AGDA', 'pjx': False, 'pjy': True}
positive number of yi(batch): 6000 max y_i: 0.00016665649411606864 min y_i: 0.00016665649411606864
positive number of yi(total): 6000 max y_i: 0.00016665649411606864 min y_i: 0.00016665649411606864
-----------------------------------------------------------------------------------------------


-----------------------------------------------------------------------------------------------
Total Complexity:
sim times: 0 iter: 939 epoch: 939.0 OC: 5634000.0 SC: 5634000
Current Complexity:
iter: 900 epoch: 900.0 OC: 5400000.0 SC: 5400000
Iterates Info:
acc: 0.5 , loss: 11.526380232450165 , primalF: 11.526380234415882
||sto grad_x||^2: 21.246863283715292 ||sto grad_y||^2: 0.0
||true grad_x||^2: 21.246863283715292 ||true grad_y||^2: 0.0
lr_x: 0.8659814895757123 , lr_y: 43.046721000000005
mu: 0.01 , kappa: 10
{'lr_x': 0.8659814895757123, 'lr_y': 43.046721000000005, 'b': 6000, 'eps': tensor(0.1307, device='cuda:0', grad_fn=<PowBackward0>), 'N': 1, 'K': 3000, 'real_K': 3000, 'L': 0.023230573125418773, 'mu': 0.01, 'std_x': 0.0, 'std_y': 0.0, 'is_force_b': False, 'method': 'primal_line_search_N_1_AGDA', 'pjx': False, 'pjy': True}
positive number of yi(batch): 6000 max y_i: 0.00016665649411606864 min y_i: 0.00016665649411606864
positive number of yi(total): 6000 max y_i: 0.00016665649411606864 min y_i: 0.00016665649411606864
-----------------------------------------------------------------------------------------------


-----------------------------------------------------------------------------------------------
Total Complexity:
sim times: 0 iter: 989 epoch: 989.0 OC: 5934000.0 SC: 5934000
Current Complexity:
iter: 950 epoch: 950.0 OC: 5700000.0 SC: 5700000
Iterates Info:
acc: 0.5 , loss: 11.526529950810223 , primalF: 11.526529952775968
||sto grad_x||^2: 21.24686146747131 ||sto grad_y||^2: 0.0
||true grad_x||^2: 21.24686146747131 ||true grad_y||^2: 0.0
lr_x: 0.8659814895757123 , lr_y: 43.046721000000005
mu: 0.01 , kappa: 10
{'lr_x': 0.8659814895757123, 'lr_y': 43.046721000000005, 'b': 6000, 'eps': tensor(0.1307, device='cuda:0', grad_fn=<PowBackward0>), 'N': 1, 'K': 3000, 'real_K': 3000, 'L': 0.023230573125418773, 'mu': 0.01, 'std_x': 0.0, 'std_y': 0.0, 'is_force_b': False, 'method': 'primal_line_search_N_1_AGDA', 'pjx': False, 'pjy': True}
positive number of yi(batch): 6000 max y_i: 0.00016665649411606864 min y_i: 0.00016665649411606864
positive number of yi(total): 6000 max y_i: 0.00016665649411606864 min y_i: 0.00016665649411606864
-----------------------------------------------------------------------------------------------


-----------------------------------------------------------------------------------------------
Total Complexity:
sim times: 0 iter: 1039 epoch: 1039.0 OC: 6234000.0 SC: 6234000
Current Complexity:
iter: 1000 epoch: 1000.0 OC: 6000000.0 SC: 6000000
Iterates Info:
acc: 0.5 , loss: 11.526678728355693 , primalF: 11.526678731304344
||sto grad_x||^2: 21.246859534976227 ||sto grad_y||^2: 0.0
||true grad_x||^2: 21.246859534976227 ||true grad_y||^2: 0.0
lr_x: 0.8659814895757123 , lr_y: 43.046721000000005
mu: 0.01 , kappa: 10
{'lr_x': 0.8659814895757123, 'lr_y': 43.046721000000005, 'b': 6000, 'eps': tensor(0.1307, device='cuda:0', grad_fn=<PowBackward0>), 'N': 1, 'K': 3000, 'real_K': 3000, 'L': 0.023230573125418773, 'mu': 0.01, 'std_x': 0.0, 'std_y': 0.0, 'is_force_b': False, 'method': 'primal_line_search_N_1_AGDA', 'pjx': False, 'pjy': True}
positive number of yi(batch): 6000 max y_i: 0.00016665649411606864 min y_i: 0.00016665649411606864
positive number of yi(total): 6000 max y_i: 0.00016665649411606864 min y_i: 0.00016665649411606864
-----------------------------------------------------------------------------------------------


-----------------------------------------------------------------------------------------------
Total Complexity:
sim times: 0 iter: 1089 epoch: 1089.0 OC: 6534000.0 SC: 6534000
Current Complexity:
iter: 1050 epoch: 1050.0 OC: 6300000.0 SC: 6300000
Iterates Info:
acc: 0.5 , loss: 11.526826470223972 , primalF: 11.526826472189766
||sto grad_x||^2: 21.24685747548427 ||sto grad_y||^2: 0.0
||true grad_x||^2: 21.24685747548427 ||true grad_y||^2: 0.0
lr_x: 0.8659814895757123 , lr_y: 43.046721000000005
mu: 0.01 , kappa: 10
{'lr_x': 0.8659814895757123, 'lr_y': 43.046721000000005, 'b': 6000, 'eps': tensor(0.1307, device='cuda:0', grad_fn=<PowBackward0>), 'N': 1, 'K': 3000, 'real_K': 3000, 'L': 0.023230573125418773, 'mu': 0.01, 'std_x': 0.0, 'std_y': 0.0, 'is_force_b': False, 'method': 'primal_line_search_N_1_AGDA', 'pjx': False, 'pjy': True}
positive number of yi(batch): 6000 max y_i: 0.00016665649411606864 min y_i: 0.00016665649411606864
positive number of yi(total): 6000 max y_i: 0.00016665649411606864 min y_i: 0.00016665649411606864
-----------------------------------------------------------------------------------------------


-----------------------------------------------------------------------------------------------
Total Complexity:
sim times: 0 iter: 1139 epoch: 1139.0 OC: 6834000.0 SC: 6834000
Current Complexity:
iter: 1100 epoch: 1100.0 OC: 6600000.0 SC: 6600000
Iterates Info:
acc: 0.5 , loss: 11.526973040914147 , primalF: 11.526973042879964
||sto grad_x||^2: 21.2468552768069 ||sto grad_y||^2: 0.0
||true grad_x||^2: 21.2468552768069 ||true grad_y||^2: 0.0
lr_x: 0.8659814895757123 , lr_y: 43.046721000000005
mu: 0.01 , kappa: 10
{'lr_x': 0.8659814895757123, 'lr_y': 43.046721000000005, 'b': 6000, 'eps': tensor(0.1307, device='cuda:0', grad_fn=<PowBackward0>), 'N': 1, 'K': 3000, 'real_K': 3000, 'L': 0.023230573125418773, 'mu': 0.01, 'std_x': 0.0, 'std_y': 0.0, 'is_force_b': False, 'method': 'primal_line_search_N_1_AGDA', 'pjx': False, 'pjy': True}
positive number of yi(batch): 6000 max y_i: 0.00016665649411606864 min y_i: 0.00016665649411606864
positive number of yi(total): 6000 max y_i: 0.00016665649411606864 min y_i: 0.00016665649411606864
-----------------------------------------------------------------------------------------------


-----------------------------------------------------------------------------------------------
Total Complexity:
sim times: 0 iter: 1189 epoch: 1189.0 OC: 7134000.0 SC: 7134000
Current Complexity:
iter: 1150 epoch: 1150.0 OC: 6900000.0 SC: 6900000
Iterates Info:
acc: 0.5 , loss: 11.527118262134373 , primalF: 11.527118265083134
||sto grad_x||^2: 21.246852925182637 ||sto grad_y||^2: 0.0
||true grad_x||^2: 21.246852925182637 ||true grad_y||^2: 0.0
lr_x: 0.8659814895757123 , lr_y: 43.046721000000005
mu: 0.01 , kappa: 10
{'lr_x': 0.8659814895757123, 'lr_y': 43.046721000000005, 'b': 6000, 'eps': tensor(0.1307, device='cuda:0', grad_fn=<PowBackward0>), 'N': 1, 'K': 3000, 'real_K': 3000, 'L': 0.023230573125418773, 'mu': 0.01, 'std_x': 0.0, 'std_y': 0.0, 'is_force_b': False, 'method': 'primal_line_search_N_1_AGDA', 'pjx': False, 'pjy': True}
positive number of yi(batch): 6000 max y_i: 0.00016665649411606864 min y_i: 0.00016665649411606864
positive number of yi(total): 6000 max y_i: 0.00016665649411606864 min y_i: 0.00016665649411606864
-----------------------------------------------------------------------------------------------


-----------------------------------------------------------------------------------------------
Total Complexity:
sim times: 0 iter: 1239 epoch: 1239.0 OC: 7434000.0 SC: 7434000
Current Complexity:
iter: 1200 epoch: 1200.0 OC: 7200000.0 SC: 7200000
Iterates Info:
acc: 0.5 , loss: 11.527261908798975 , primalF: 11.527261911747773
||sto grad_x||^2: 21.2468504051539 ||sto grad_y||^2: 0.0
||true grad_x||^2: 21.2468504051539 ||true grad_y||^2: 0.0
lr_x: 0.8659814895757123 , lr_y: 43.046721000000005
mu: 0.01 , kappa: 10
{'lr_x': 0.8659814895757123, 'lr_y': 43.046721000000005, 'b': 6000, 'eps': tensor(0.1307, device='cuda:0', grad_fn=<PowBackward0>), 'N': 1, 'K': 3000, 'real_K': 3000, 'L': 0.023230573125418773, 'mu': 0.01, 'std_x': 0.0, 'std_y': 0.0, 'is_force_b': False, 'method': 'primal_line_search_N_1_AGDA', 'pjx': False, 'pjy': True}
positive number of yi(batch): 6000 max y_i: 0.00016665649411606864 min y_i: 0.00016665649411606864
positive number of yi(total): 6000 max y_i: 0.00016665649411606864 min y_i: 0.00016665649411606864
-----------------------------------------------------------------------------------------------


-----------------------------------------------------------------------------------------------
Total Complexity:
sim times: 0 iter: 1289 epoch: 1289.0 OC: 7734000.0 SC: 7734000
Current Complexity:
iter: 1250 epoch: 1250.0 OC: 7500000.0 SC: 7500000
Iterates Info:
acc: 0.5 , loss: 11.52740370302564 , primalF: 11.527403704991531
||sto grad_x||^2: 21.246847699462105 ||sto grad_y||^2: 0.0
||true grad_x||^2: 21.246847699462105 ||true grad_y||^2: 0.0
lr_x: 0.8659814895757123 , lr_y: 43.046721000000005
mu: 0.01 , kappa: 10
{'lr_x': 0.8659814895757123, 'lr_y': 43.046721000000005, 'b': 6000, 'eps': tensor(0.1307, device='cuda:0', grad_fn=<PowBackward0>), 'N': 1, 'K': 3000, 'real_K': 3000, 'L': 0.023230573125418773, 'mu': 0.01, 'std_x': 0.0, 'std_y': 0.0, 'is_force_b': False, 'method': 'primal_line_search_N_1_AGDA', 'pjx': False, 'pjy': True}
positive number of yi(batch): 6000 max y_i: 0.00016665649411606864 min y_i: 0.00016665649411606864
positive number of yi(total): 6000 max y_i: 0.00016665649411606864 min y_i: 0.00016665649411606864
-----------------------------------------------------------------------------------------------


-----------------------------------------------------------------------------------------------
Total Complexity:
sim times: 0 iter: 1339 epoch: 1339.0 OC: 8034000.0 SC: 8034000
Current Complexity:
iter: 1300 epoch: 1300.0 OC: 7800000.0 SC: 7800000
Iterates Info:
acc: 0.5 , loss: 11.527543305894664 , primalF: 11.527543308843535
||sto grad_x||^2: 21.24684478898264 ||sto grad_y||^2: 0.0
||true grad_x||^2: 21.24684478898263 ||true grad_y||^2: 0.0
lr_x: 0.8659814895757123 , lr_y: 43.046721000000005
mu: 0.01 , kappa: 10
{'lr_x': 0.8659814895757123, 'lr_y': 43.046721000000005, 'b': 6000, 'eps': tensor(0.1307, device='cuda:0', grad_fn=<PowBackward0>), 'N': 1, 'K': 3000, 'real_K': 3000, 'L': 0.023230573125418773, 'mu': 0.01, 'std_x': 0.0, 'std_y': 0.0, 'is_force_b': False, 'method': 'primal_line_search_N_1_AGDA', 'pjx': False, 'pjy': True}
positive number of yi(batch): 6000 max y_i: 0.00016665649411606864 min y_i: 0.00016665649411606864
positive number of yi(total): 6000 max y_i: 0.00016665649411606864 min y_i: 0.00016665649411606864
-----------------------------------------------------------------------------------------------


-----------------------------------------------------------------------------------------------
Total Complexity:
sim times: 0 iter: 1389 epoch: 1389.0 OC: 8334000.0 SC: 8334000
Current Complexity:
iter: 1350 epoch: 1350.0 OC: 8100000.0 SC: 8100000
Iterates Info:
acc: 0.5 , loss: 11.527680306638459 , primalF: 11.527680308604396
||sto grad_x||^2: 21.246841652735323 ||sto grad_y||^2: 0.0
||true grad_x||^2: 21.246841652735323 ||true grad_y||^2: 0.0
lr_x: 0.8659814895757123 , lr_y: 43.046721000000005
mu: 0.01 , kappa: 10
{'lr_x': 0.8659814895757123, 'lr_y': 43.046721000000005, 'b': 6000, 'eps': tensor(0.1307, device='cuda:0', grad_fn=<PowBackward0>), 'N': 1, 'K': 3000, 'real_K': 3000, 'L': 0.023230573125418773, 'mu': 0.01, 'std_x': 0.0, 'std_y': 0.0, 'is_force_b': False, 'method': 'primal_line_search_N_1_AGDA', 'pjx': False, 'pjy': True}
positive number of yi(batch): 6000 max y_i: 0.00016665649411606864 min y_i: 0.00016665649411606864
positive number of yi(total): 6000 max y_i: 0.00016665649411606864 min y_i: 0.00016665649411606864
-----------------------------------------------------------------------------------------------


-----------------------------------------------------------------------------------------------
Total Complexity:
sim times: 0 iter: 1439 epoch: 1439.0 OC: 8634000.0 SC: 8634000
Current Complexity:
iter: 1400 epoch: 1400.0 OC: 8400000.0 SC: 8400000
Iterates Info:
acc: 0.5 , loss: 11.527814208840379 , primalF: 11.527814211789323
||sto grad_x||^2: 21.24683826802669 ||sto grad_y||^2: 0.0
||true grad_x||^2: 21.24683826802669 ||true grad_y||^2: 0.0
lr_x: 0.8659814895757123 , lr_y: 43.046721000000005
mu: 0.01 , kappa: 10
{'lr_x': 0.8659814895757123, 'lr_y': 43.046721000000005, 'b': 6000, 'eps': tensor(0.1307, device='cuda:0', grad_fn=<PowBackward0>), 'N': 1, 'K': 3000, 'real_K': 3000, 'L': 0.023230573125418773, 'mu': 0.01, 'std_x': 0.0, 'std_y': 0.0, 'is_force_b': False, 'method': 'primal_line_search_N_1_AGDA', 'pjx': False, 'pjy': True}
positive number of yi(batch): 6000 max y_i: 0.00016665649411606864 min y_i: 0.00016665649411606864
positive number of yi(total): 6000 max y_i: 0.00016665649411606864 min y_i: 0.00016665649411606864
-----------------------------------------------------------------------------------------------


-----------------------------------------------------------------------------------------------
Total Complexity:
sim times: 0 iter: 1489 epoch: 1489.0 OC: 8934000.0 SC: 8934000
Current Complexity:
iter: 1450 epoch: 1450.0 OC: 8700000.0 SC: 8700000
Iterates Info:
acc: 0.5 , loss: 11.5279444131551 , primalF: 11.52794441512108
||sto grad_x||^2: 21.246834610809476 ||sto grad_y||^2: 0.0
||true grad_x||^2: 21.246834610809476 ||true grad_y||^2: 0.0
lr_x: 0.8659814895757123 , lr_y: 43.046721000000005
mu: 0.01 , kappa: 10
{'lr_x': 0.8659814895757123, 'lr_y': 43.046721000000005, 'b': 6000, 'eps': tensor(0.1307, device='cuda:0', grad_fn=<PowBackward0>), 'N': 1, 'K': 3000, 'real_K': 3000, 'L': 0.023230573125418773, 'mu': 0.01, 'std_x': 0.0, 'std_y': 0.0, 'is_force_b': False, 'method': 'primal_line_search_N_1_AGDA', 'pjx': False, 'pjy': True}
positive number of yi(batch): 6000 max y_i: 0.00016665649411606864 min y_i: 0.00016665649411606864
positive number of yi(total): 6000 max y_i: 0.00016665649411606864 min y_i: 0.00016665649411606864
-----------------------------------------------------------------------------------------------


-----------------------------------------------------------------------------------------------
Total Complexity:
sim times: 0 iter: 1539 epoch: 1539.0 OC: 9234000.0 SC: 9234000
Current Complexity:
iter: 1500 epoch: 1500.0 OC: 9000000.0 SC: 9000000
Iterates Info:
acc: 0.5 , loss: 11.528070196044752 , primalF: 11.528070198010756
||sto grad_x||^2: 21.246830656386663 ||sto grad_y||^2: 0.0
||true grad_x||^2: 21.246830656386663 ||true grad_y||^2: 0.0
lr_x: 0.8659814895757123 , lr_y: 43.046721000000005
mu: 0.01 , kappa: 10
{'lr_x': 0.8659814895757123, 'lr_y': 43.046721000000005, 'b': 6000, 'eps': tensor(0.1307, device='cuda:0', grad_fn=<PowBackward0>), 'N': 1, 'K': 3000, 'real_K': 3000, 'L': 0.023230573125418773, 'mu': 0.01, 'std_x': 0.0, 'std_y': 0.0, 'is_force_b': False, 'method': 'primal_line_search_N_1_AGDA', 'pjx': False, 'pjy': True}
positive number of yi(batch): 6000 max y_i: 0.00016665649411606864 min y_i: 0.00016665649411606864
positive number of yi(total): 6000 max y_i: 0.00016665649411606864 min y_i: 0.00016665649411606864
-----------------------------------------------------------------------------------------------


-----------------------------------------------------------------------------------------------
Total Complexity:
sim times: 0 iter: 1589 epoch: 1589.0 OC: 9534000.0 SC: 9534000
Current Complexity:
iter: 1550 epoch: 1550.0 OC: 9300000.0 SC: 9300000
Iterates Info:
acc: 0.5 , loss: 11.528190684118314 , primalF: 11.528190686084338
||sto grad_x||^2: 21.246826380643945 ||sto grad_y||^2: 0.0
||true grad_x||^2: 21.246826380643938 ||true grad_y||^2: 0.0
lr_x: 0.8659814895757123 , lr_y: 43.046721000000005
mu: 0.01 , kappa: 10
{'lr_x': 0.8659814895757123, 'lr_y': 43.046721000000005, 'b': 6000, 'eps': tensor(0.1307, device='cuda:0', grad_fn=<PowBackward0>), 'N': 1, 'K': 3000, 'real_K': 3000, 'L': 0.023230573125418773, 'mu': 0.01, 'std_x': 0.0, 'std_y': 0.0, 'is_force_b': False, 'method': 'primal_line_search_N_1_AGDA', 'pjx': False, 'pjy': True}
positive number of yi(batch): 6000 max y_i: 0.00016665649411606864 min y_i: 0.00016665649411606864
positive number of yi(total): 6000 max y_i: 0.00016665649411606864 min y_i: 0.00016665649411606864
-----------------------------------------------------------------------------------------------


-----------------------------------------------------------------------------------------------
Total Complexity:
sim times: 0 iter: 1639 epoch: 1639.0 OC: 9834000.0 SC: 9834000
Current Complexity:
iter: 1600 epoch: 1600.0 OC: 9600000.0 SC: 9600000
Iterates Info:
acc: 0.5 , loss: 11.52830482398259 , primalF: 11.528304825948632
||sto grad_x||^2: 21.24682176206597 ||sto grad_y||^2: 0.0
||true grad_x||^2: 21.24682176206597 ||true grad_y||^2: 0.0
lr_x: 0.8659814895757123 , lr_y: 43.046721000000005
mu: 0.01 , kappa: 10
{'lr_x': 0.8659814895757123, 'lr_y': 43.046721000000005, 'b': 6000, 'eps': tensor(0.1307, device='cuda:0', grad_fn=<PowBackward0>), 'N': 1, 'K': 3000, 'real_K': 3000, 'L': 0.023230573125418773, 'mu': 0.01, 'std_x': 0.0, 'std_y': 0.0, 'is_force_b': False, 'method': 'primal_line_search_N_1_AGDA', 'pjx': False, 'pjy': True}
positive number of yi(batch): 6000 max y_i: 0.00016665649411606864 min y_i: 0.00016665649411606864
positive number of yi(total): 6000 max y_i: 0.00016665649411606864 min y_i: 0.00016665649411606864
-----------------------------------------------------------------------------------------------


-----------------------------------------------------------------------------------------------
Total Complexity:
sim times: 0 iter: 1689 epoch: 1689.0 OC: 10134000.0 SC: 10134000
Current Complexity:
iter: 1650 epoch: 1650.0 OC: 9900000.0 SC: 9900000
Iterates Info:
acc: 0.5 , loss: 11.528411348232847 , primalF: 11.52841135019891
||sto grad_x||^2: 21.246816784871324 ||sto grad_y||^2: 0.0
||true grad_x||^2: 21.246816784871324 ||true grad_y||^2: 0.0
lr_x: 0.8659814895757123 , lr_y: 43.046721000000005
mu: 0.01 , kappa: 10
{'lr_x': 0.8659814895757123, 'lr_y': 43.046721000000005, 'b': 6000, 'eps': tensor(0.1307, device='cuda:0', grad_fn=<PowBackward0>), 'N': 1, 'K': 3000, 'real_K': 3000, 'L': 0.023230573125418773, 'mu': 0.01, 'std_x': 0.0, 'std_y': 0.0, 'is_force_b': False, 'method': 'primal_line_search_N_1_AGDA', 'pjx': False, 'pjy': True}
positive number of yi(batch): 6000 max y_i: 0.00016665649411606864 min y_i: 0.00016665649411606864
positive number of yi(total): 6000 max y_i: 0.00016665649411606864 min y_i: 0.00016665649411606864
-----------------------------------------------------------------------------------------------


-----------------------------------------------------------------------------------------------
Total Complexity:
sim times: 0 iter: 1739 epoch: 1739.0 OC: 10434000.0 SC: 10434000
Current Complexity:
iter: 1700 epoch: 1700.0 OC: 10200000.0 SC: 10200000
Iterates Info:
acc: 0.5 , loss: 11.528508739627148 , primalF: 11.528508741593226
||sto grad_x||^2: 21.246811443662587 ||sto grad_y||^2: 0.0
||true grad_x||^2: 21.246811443662587 ||true grad_y||^2: 0.0
lr_x: 0.8659814895757123 , lr_y: 43.046721000000005
mu: 0.01 , kappa: 10
{'lr_x': 0.8659814895757123, 'lr_y': 43.046721000000005, 'b': 6000, 'eps': tensor(0.1307, device='cuda:0', grad_fn=<PowBackward0>), 'N': 1, 'K': 3000, 'real_K': 3000, 'L': 0.023230573125418773, 'mu': 0.01, 'std_x': 0.0, 'std_y': 0.0, 'is_force_b': False, 'method': 'primal_line_search_N_1_AGDA', 'pjx': False, 'pjy': True}
positive number of yi(batch): 6000 max y_i: 0.00016665649411606864 min y_i: 0.00016665649411606864
positive number of yi(total): 6000 max y_i: 0.00016665649411606864 min y_i: 0.00016665649411606864
-----------------------------------------------------------------------------------------------


-----------------------------------------------------------------------------------------------
Total Complexity:
sim times: 0 iter: 1789 epoch: 1789.0 OC: 10734000.0 SC: 10734000
Current Complexity:
iter: 1750 epoch: 1750.0 OC: 10500000.0 SC: 10500000
Iterates Info:
acc: 0.5 , loss: 11.52859519801426 , primalF: 11.528595199980355
||sto grad_x||^2: 21.24680574997099 ||sto grad_y||^2: 0.0
||true grad_x||^2: 21.246805749970996 ||true grad_y||^2: 0.0
lr_x: 0.8659814895757123 , lr_y: 43.046721000000005
mu: 0.01 , kappa: 10
{'lr_x': 0.8659814895757123, 'lr_y': 43.046721000000005, 'b': 6000, 'eps': tensor(0.1307, device='cuda:0', grad_fn=<PowBackward0>), 'N': 1, 'K': 3000, 'real_K': 3000, 'L': 0.023230573125418773, 'mu': 0.01, 'std_x': 0.0, 'std_y': 0.0, 'is_force_b': False, 'method': 'primal_line_search_N_1_AGDA', 'pjx': False, 'pjy': True}
positive number of yi(batch): 6000 max y_i: 0.00016665649411606864 min y_i: 0.00016665649411606864
positive number of yi(total): 6000 max y_i: 0.00016665649411606864 min y_i: 0.00016665649411606864
-----------------------------------------------------------------------------------------------


-----------------------------------------------------------------------------------------------
Total Complexity:
sim times: 0 iter: 1839 epoch: 1839.0 OC: 11034000.0 SC: 11034000
Current Complexity:
iter: 1800 epoch: 1800.0 OC: 10800000.0 SC: 10800000
Iterates Info:
acc: 0.5 , loss: 11.528668618687178 , primalF: 11.528668620653285
||sto grad_x||^2: 21.246799740856282 ||sto grad_y||^2: 0.0
||true grad_x||^2: 21.246799740856275 ||true grad_y||^2: 0.0
lr_x: 0.8659814895757123 , lr_y: 43.046721000000005
mu: 0.01 , kappa: 10
{'lr_x': 0.8659814895757123, 'lr_y': 43.046721000000005, 'b': 6000, 'eps': tensor(0.1307, device='cuda:0', grad_fn=<PowBackward0>), 'N': 1, 'K': 3000, 'real_K': 3000, 'L': 0.023230573125418773, 'mu': 0.01, 'std_x': 0.0, 'std_y': 0.0, 'is_force_b': False, 'method': 'primal_line_search_N_1_AGDA', 'pjx': False, 'pjy': True}
positive number of yi(batch): 6000 max y_i: 0.00016665649411606864 min y_i: 0.00016665649411606864
positive number of yi(total): 6000 max y_i: 0.00016665649411606864 min y_i: 0.00016665649411606864
-----------------------------------------------------------------------------------------------


-----------------------------------------------------------------------------------------------
Total Complexity:
sim times: 0 iter: 1889 epoch: 1889.0 OC: 11334000.0 SC: 11334000
Current Complexity:
iter: 1850 epoch: 1850.0 OC: 11100000.0 SC: 11100000
Iterates Info:
acc: 0.5 , loss: 11.528726596786404 , primalF: 11.52872659973558
||sto grad_x||^2: 21.246793489097968 ||sto grad_y||^2: 0.0
||true grad_x||^2: 21.246793489097968 ||true grad_y||^2: 0.0
lr_x: 0.8659814895757123 , lr_y: 43.046721000000005
mu: 0.01 , kappa: 10
{'lr_x': 0.8659814895757123, 'lr_y': 43.046721000000005, 'b': 6000, 'eps': tensor(0.1307, device='cuda:0', grad_fn=<PowBackward0>), 'N': 1, 'K': 3000, 'real_K': 3000, 'L': 0.023230573125418773, 'mu': 0.01, 'std_x': 0.0, 'std_y': 0.0, 'is_force_b': False, 'method': 'primal_line_search_N_1_AGDA', 'pjx': False, 'pjy': True}
positive number of yi(batch): 6000 max y_i: 0.00016665649411606864 min y_i: 0.00016665649411606864
positive number of yi(total): 6000 max y_i: 0.00016665649411606864 min y_i: 0.00016665649411606864
-----------------------------------------------------------------------------------------------


-----------------------------------------------------------------------------------------------
Total Complexity:
sim times: 0 iter: 1939 epoch: 1939.0 OC: 11634000.0 SC: 11634000
Current Complexity:
iter: 1900 epoch: 1900.0 OC: 11400000.0 SC: 11400000
Iterates Info:
acc: 0.5 , loss: 11.528766479603826 , primalF: 11.528766482553008
||sto grad_x||^2: 21.24678711322811 ||sto grad_y||^2: 0.0
||true grad_x||^2: 21.24678711322811 ||true grad_y||^2: 0.0
lr_x: 0.8659814895757123 , lr_y: 43.046721000000005
mu: 0.01 , kappa: 10
{'lr_x': 0.8659814895757123, 'lr_y': 43.046721000000005, 'b': 6000, 'eps': tensor(0.1307, device='cuda:0', grad_fn=<PowBackward0>), 'N': 1, 'K': 3000, 'real_K': 3000, 'L': 0.023230573125418773, 'mu': 0.01, 'std_x': 0.0, 'std_y': 0.0, 'is_force_b': False, 'method': 'primal_line_search_N_1_AGDA', 'pjx': False, 'pjy': True}
positive number of yi(batch): 6000 max y_i: 0.00016665649411606864 min y_i: 0.00016665649411606864
positive number of yi(total): 6000 max y_i: 0.00016665649411606864 min y_i: 0.00016665649411606864
-----------------------------------------------------------------------------------------------


-----------------------------------------------------------------------------------------------
Total Complexity:
sim times: 0 iter: 1989 epoch: 1989.0 OC: 11934000.0 SC: 11934000
Current Complexity:
iter: 1950 epoch: 1950.0 OC: 11700000.0 SC: 11700000
Iterates Info:
acc: 0.5 , loss: 11.52878549437333 , primalF: 11.528785497322522
||sto grad_x||^2: 21.246780783590996 ||sto grad_y||^2: 0.0
||true grad_x||^2: 21.246780783590996 ||true grad_y||^2: 0.0
lr_x: 0.8659814895757123 , lr_y: 43.046721000000005
mu: 0.01 , kappa: 10
{'lr_x': 0.8659814895757123, 'lr_y': 43.046721000000005, 'b': 6000, 'eps': tensor(0.1307, device='cuda:0', grad_fn=<PowBackward0>), 'N': 1, 'K': 3000, 'real_K': 3000, 'L': 0.023230573125418773, 'mu': 0.01, 'std_x': 0.0, 'std_y': 0.0, 'is_force_b': False, 'method': 'primal_line_search_N_1_AGDA', 'pjx': False, 'pjy': True}
positive number of yi(batch): 6000 max y_i: 0.00016665649411606864 min y_i: 0.00016665649411606864
positive number of yi(total): 6000 max y_i: 0.00016665649411606864 min y_i: 0.00016665649411606864
-----------------------------------------------------------------------------------------------


-----------------------------------------------------------------------------------------------
Total Complexity:
sim times: 0 iter: 2039 epoch: 2039.0 OC: 12234000.0 SC: 12234000
Current Complexity:
iter: 2000 epoch: 2000.0 OC: 12000000.0 SC: 12000000
Iterates Info:
acc: 0.5 , loss: 11.528780977013323 , primalF: 11.528780978979452
||sto grad_x||^2: 21.246774718279838 ||sto grad_y||^2: 0.0
||true grad_x||^2: 21.246774718279838 ||true grad_y||^2: 0.0
lr_x: 0.8659814895757123 , lr_y: 43.046721000000005
mu: 0.01 , kappa: 10
{'lr_x': 0.8659814895757123, 'lr_y': 43.046721000000005, 'b': 6000, 'eps': tensor(0.1307, device='cuda:0', grad_fn=<PowBackward0>), 'N': 1, 'K': 3000, 'real_K': 3000, 'L': 0.023230573125418773, 'mu': 0.01, 'std_x': 0.0, 'std_y': 0.0, 'is_force_b': False, 'method': 'primal_line_search_N_1_AGDA', 'pjx': False, 'pjy': True}
positive number of yi(batch): 6000 max y_i: 0.00016665649411606864 min y_i: 0.00016665649411606864
positive number of yi(total): 6000 max y_i: 0.00016665649411606864 min y_i: 0.00016665649411606864
-----------------------------------------------------------------------------------------------


-----------------------------------------------------------------------------------------------
Total Complexity:
sim times: 0 iter: 2089 epoch: 2089.0 OC: 12534000.0 SC: 12534000
Current Complexity:
iter: 2050 epoch: 2050.0 OC: 12300000.0 SC: 12300000
Iterates Info:
acc: 0.5 , loss: 11.528750707282674 , primalF: 11.528750710231854
||sto grad_x||^2: 21.2467691620176 ||sto grad_y||^2: 0.0
||true grad_x||^2: 21.246769162017607 ||true grad_y||^2: 0.0
lr_x: 0.8659814895757123 , lr_y: 43.046721000000005
mu: 0.01 , kappa: 10
{'lr_x': 0.8659814895757123, 'lr_y': 43.046721000000005, 'b': 6000, 'eps': tensor(0.1307, device='cuda:0', grad_fn=<PowBackward0>), 'N': 1, 'K': 3000, 'real_K': 3000, 'L': 0.023230573125418773, 'mu': 0.01, 'std_x': 0.0, 'std_y': 0.0, 'is_force_b': False, 'method': 'primal_line_search_N_1_AGDA', 'pjx': False, 'pjy': True}
positive number of yi(batch): 6000 max y_i: 0.00016665649411606864 min y_i: 0.00016665649411606864
positive number of yi(total): 6000 max y_i: 0.00016665649411606864 min y_i: 0.00016665649411606864
-----------------------------------------------------------------------------------------------


-----------------------------------------------------------------------------------------------
Total Complexity:
sim times: 0 iter: 2139 epoch: 2139.0 OC: 12834000.0 SC: 12834000
Current Complexity:
iter: 2100 epoch: 2100.0 OC: 12600000.0 SC: 12600000
Iterates Info:
acc: 0.5 , loss: 11.528693310235377 , primalF: 11.52869331220149
||sto grad_x||^2: 21.24676434498948 ||sto grad_y||^2: 0.0
||true grad_x||^2: 21.24676434498949 ||true grad_y||^2: 0.0
lr_x: 0.8659814895757123 , lr_y: 43.046721000000005
mu: 0.01 , kappa: 10
{'lr_x': 0.8659814895757123, 'lr_y': 43.046721000000005, 'b': 6000, 'eps': tensor(0.1307, device='cuda:0', grad_fn=<PowBackward0>), 'N': 1, 'K': 3000, 'real_K': 3000, 'L': 0.023230573125418773, 'mu': 0.01, 'std_x': 0.0, 'std_y': 0.0, 'is_force_b': False, 'method': 'primal_line_search_N_1_AGDA', 'pjx': False, 'pjy': True}
positive number of yi(batch): 6000 max y_i: 0.00016665649411606864 min y_i: 0.00016665649411606864
positive number of yi(total): 6000 max y_i: 0.00016665649411606864 min y_i: 0.00016665649411606864
-----------------------------------------------------------------------------------------------


-----------------------------------------------------------------------------------------------
Total Complexity:
sim times: 0 iter: 2189 epoch: 2189.0 OC: 13134000.0 SC: 13134000
Current Complexity:
iter: 2150 epoch: 2150.0 OC: 12900000.0 SC: 12900000
Iterates Info:
acc: 0.5 , loss: 11.528608621575453 , primalF: 11.528608623541551
||sto grad_x||^2: 21.246760429359473 ||sto grad_y||^2: 0.0
||true grad_x||^2: 21.246760429359473 ||true grad_y||^2: 0.0
lr_x: 0.8659814895757123 , lr_y: 43.046721000000005
mu: 0.01 , kappa: 10
{'lr_x': 0.8659814895757123, 'lr_y': 43.046721000000005, 'b': 6000, 'eps': tensor(0.1307, device='cuda:0', grad_fn=<PowBackward0>), 'N': 1, 'K': 3000, 'real_K': 3000, 'L': 0.023230573125418773, 'mu': 0.01, 'std_x': 0.0, 'std_y': 0.0, 'is_force_b': False, 'method': 'primal_line_search_N_1_AGDA', 'pjx': False, 'pjy': True}
positive number of yi(batch): 6000 max y_i: 0.00016665649411606864 min y_i: 0.00016665649411606864
positive number of yi(total): 6000 max y_i: 0.00016665649411606864 min y_i: 0.00016665649411606864
-----------------------------------------------------------------------------------------------


-----------------------------------------------------------------------------------------------
Total Complexity:
sim times: 0 iter: 2239 epoch: 2239.0 OC: 13434000.0 SC: 13434000
Current Complexity:
iter: 2200 epoch: 2200.0 OC: 13200000.0 SC: 13200000
Iterates Info:
acc: 0.5 , loss: 11.528497873937495 , primalF: 11.528497876886615
||sto grad_x||^2: 21.246757464481323 ||sto grad_y||^2: 0.0
||true grad_x||^2: 21.246757464481316 ||true grad_y||^2: 0.0
lr_x: 0.8659814895757123 , lr_y: 43.046721000000005
mu: 0.01 , kappa: 10
{'lr_x': 0.8659814895757123, 'lr_y': 43.046721000000005, 'b': 6000, 'eps': tensor(0.1307, device='cuda:0', grad_fn=<PowBackward0>), 'N': 1, 'K': 3000, 'real_K': 3000, 'L': 0.023230573125418773, 'mu': 0.01, 'std_x': 0.0, 'std_y': 0.0, 'is_force_b': False, 'method': 'primal_line_search_N_1_AGDA', 'pjx': False, 'pjy': True}
positive number of yi(batch): 6000 max y_i: 0.00016665649411606864 min y_i: 0.00016665649411606864
positive number of yi(total): 6000 max y_i: 0.00016665649411606864 min y_i: 0.00016665649411606864
-----------------------------------------------------------------------------------------------


-----------------------------------------------------------------------------------------------
Total Complexity:
sim times: 0 iter: 2289 epoch: 2289.0 OC: 13734000.0 SC: 13734000
Current Complexity:
iter: 2250 epoch: 2250.0 OC: 13500000.0 SC: 13500000
Iterates Info:
acc: 0.5 , loss: 11.528363594384185 , primalF: 11.52836359635024
||sto grad_x||^2: 21.24675537539592 ||sto grad_y||^2: 0.0
||true grad_x||^2: 21.24675537539592 ||true grad_y||^2: 0.0
lr_x: 0.8659814895757123 , lr_y: 43.046721000000005
mu: 0.01 , kappa: 10
{'lr_x': 0.8659814895757123, 'lr_y': 43.046721000000005, 'b': 6000, 'eps': tensor(0.1307, device='cuda:0', grad_fn=<PowBackward0>), 'N': 1, 'K': 3000, 'real_K': 3000, 'L': 0.023230573125418773, 'mu': 0.01, 'std_x': 0.0, 'std_y': 0.0, 'is_force_b': False, 'method': 'primal_line_search_N_1_AGDA', 'pjx': False, 'pjy': True}
positive number of yi(batch): 6000 max y_i: 0.00016665649411606864 min y_i: 0.00016665649411606864
positive number of yi(total): 6000 max y_i: 0.00016665649411606864 min y_i: 0.00016665649411606864
-----------------------------------------------------------------------------------------------


-----------------------------------------------------------------------------------------------
Total Complexity:
sim times: 0 iter: 2339 epoch: 2339.0 OC: 14034000.0 SC: 14034000
Current Complexity:
iter: 2300 epoch: 2300.0 OC: 13800000.0 SC: 13800000
Iterates Info:
acc: 0.5 , loss: 11.528209220389579 , primalF: 11.528209222355612
||sto grad_x||^2: 21.246753993644038 ||sto grad_y||^2: 0.0
||true grad_x||^2: 21.246753993644038 ||true grad_y||^2: 0.0
lr_x: 0.8659814895757123 , lr_y: 43.046721000000005
mu: 0.01 , kappa: 10
{'lr_x': 0.8659814895757123, 'lr_y': 43.046721000000005, 'b': 6000, 'eps': tensor(0.1307, device='cuda:0', grad_fn=<PowBackward0>), 'N': 1, 'K': 3000, 'real_K': 3000, 'L': 0.023230573125418773, 'mu': 0.01, 'std_x': 0.0, 'std_y': 0.0, 'is_force_b': False, 'method': 'primal_line_search_N_1_AGDA', 'pjx': False, 'pjy': True}
positive number of yi(batch): 6000 max y_i: 0.00016665649411606864 min y_i: 0.00016665649411606864
positive number of yi(total): 6000 max y_i: 0.00016665649411606864 min y_i: 0.00016665649411606864
-----------------------------------------------------------------------------------------------


-----------------------------------------------------------------------------------------------
Total Complexity:
sim times: 0 iter: 2389 epoch: 2389.0 OC: 14334000.0 SC: 14334000
Current Complexity:
iter: 2350 epoch: 2350.0 OC: 14100000.0 SC: 14100000
Iterates Info:
acc: 0.5 , loss: 11.528038571412544 , primalF: 11.528038573378543
||sto grad_x||^2: 21.24675311385795 ||sto grad_y||^2: 0.0
||true grad_x||^2: 21.246753113857956 ||true grad_y||^2: 0.0
lr_x: 0.8659814895757123 , lr_y: 43.046721000000005
mu: 0.01 , kappa: 10
{'lr_x': 0.8659814895757123, 'lr_y': 43.046721000000005, 'b': 6000, 'eps': tensor(0.1307, device='cuda:0', grad_fn=<PowBackward0>), 'N': 1, 'K': 3000, 'real_K': 3000, 'L': 0.023230573125418773, 'mu': 0.01, 'std_x': 0.0, 'std_y': 0.0, 'is_force_b': False, 'method': 'primal_line_search_N_1_AGDA', 'pjx': False, 'pjy': True}
positive number of yi(batch): 6000 max y_i: 0.00016665649411606864 min y_i: 0.00016665649411606864
positive number of yi(total): 6000 max y_i: 0.00016665649411606864 min y_i: 0.00016665649411606864
-----------------------------------------------------------------------------------------------


-----------------------------------------------------------------------------------------------
Total Complexity:
sim times: 0 iter: 2439 epoch: 2439.0 OC: 14634000.0 SC: 14634000
Current Complexity:
iter: 2400 epoch: 2400.0 OC: 14400000.0 SC: 14400000
Iterates Info:
acc: 0.5 , loss: 11.52785535897725 , primalF: 11.527855360943219
||sto grad_x||^2: 21.246752546707658 ||sto grad_y||^2: 0.0
||true grad_x||^2: 21.246752546707658 ||true grad_y||^2: 0.0
lr_x: 0.8659814895757123 , lr_y: 43.046721000000005
mu: 0.01 , kappa: 10
{'lr_x': 0.8659814895757123, 'lr_y': 43.046721000000005, 'b': 6000, 'eps': tensor(0.1307, device='cuda:0', grad_fn=<PowBackward0>), 'N': 1, 'K': 3000, 'real_K': 3000, 'L': 0.023230573125418773, 'mu': 0.01, 'std_x': 0.0, 'std_y': 0.0, 'is_force_b': False, 'method': 'primal_line_search_N_1_AGDA', 'pjx': False, 'pjy': True}
positive number of yi(batch): 6000 max y_i: 0.00016665649411606864 min y_i: 0.00016665649411606864
positive number of yi(total): 6000 max y_i: 0.00016665649411606864 min y_i: 0.00016665649411606864
-----------------------------------------------------------------------------------------------


-----------------------------------------------------------------------------------------------
Total Complexity:
sim times: 0 iter: 2489 epoch: 2489.0 OC: 14934000.0 SC: 14934000
Current Complexity:
iter: 2450 epoch: 2450.0 OC: 14700000.0 SC: 14700000
Iterates Info:
acc: 0.5 , loss: 11.527662858075148 , primalF: 11.527662860041083
||sto grad_x||^2: 21.246752148312606 ||sto grad_y||^2: 0.0
||true grad_x||^2: 21.246752148312606 ||true grad_y||^2: 0.0
lr_x: 0.8659814895757123 , lr_y: 43.046721000000005
mu: 0.01 , kappa: 10
{'lr_x': 0.8659814895757123, 'lr_y': 43.046721000000005, 'b': 6000, 'eps': tensor(0.1307, device='cuda:0', grad_fn=<PowBackward0>), 'N': 1, 'K': 3000, 'real_K': 3000, 'L': 0.023230573125418773, 'mu': 0.01, 'std_x': 0.0, 'std_y': 0.0, 'is_force_b': False, 'method': 'primal_line_search_N_1_AGDA', 'pjx': False, 'pjy': True}
positive number of yi(batch): 6000 max y_i: 0.00016665649411606864 min y_i: 0.00016665649411606864
positive number of yi(total): 6000 max y_i: 0.00016665649411606864 min y_i: 0.00016665649411606864
-----------------------------------------------------------------------------------------------


-----------------------------------------------------------------------------------------------
Total Complexity:
sim times: 0 iter: 2539 epoch: 2539.0 OC: 15234000.0 SC: 15234000
Current Complexity:
iter: 2500 epoch: 2500.0 OC: 15000000.0 SC: 15000000
Iterates Info:
acc: 0.5 , loss: 11.527463762662913 , primalF: 11.527463764628816
||sto grad_x||^2: 21.24675182502159 ||sto grad_y||^2: 0.0
||true grad_x||^2: 21.24675182502159 ||true grad_y||^2: 0.0
lr_x: 0.8659814895757123 , lr_y: 43.046721000000005
mu: 0.01 , kappa: 10
{'lr_x': 0.8659814895757123, 'lr_y': 43.046721000000005, 'b': 6000, 'eps': tensor(0.1307, device='cuda:0', grad_fn=<PowBackward0>), 'N': 1, 'K': 3000, 'real_K': 3000, 'L': 0.023230573125418773, 'mu': 0.01, 'std_x': 0.0, 'std_y': 0.0, 'is_force_b': False, 'method': 'primal_line_search_N_1_AGDA', 'pjx': False, 'pjy': True}
positive number of yi(batch): 6000 max y_i: 0.00016665649411606864 min y_i: 0.00016665649411606864
positive number of yi(total): 6000 max y_i: 0.00016665649411606864 min y_i: 0.00016665649411606864
-----------------------------------------------------------------------------------------------


-----------------------------------------------------------------------------------------------
Total Complexity:
sim times: 0 iter: 2589 epoch: 2589.0 OC: 15534000.0 SC: 15534000
Current Complexity:
iter: 2550 epoch: 2550.0 OC: 15300000.0 SC: 15300000
Iterates Info:
acc: 0.5 , loss: 11.52726017987505 , primalF: 11.527260181840917
||sto grad_x||^2: 21.24675152378712 ||sto grad_y||^2: 0.0
||true grad_x||^2: 21.24675152378711 ||true grad_y||^2: 0.0
lr_x: 0.8659814895757123 , lr_y: 43.046721000000005
mu: 0.01 , kappa: 10
{'lr_x': 0.8659814895757123, 'lr_y': 43.046721000000005, 'b': 6000, 'eps': tensor(0.1307, device='cuda:0', grad_fn=<PowBackward0>), 'N': 1, 'K': 3000, 'real_K': 3000, 'L': 0.023230573125418773, 'mu': 0.01, 'std_x': 0.0, 'std_y': 0.0, 'is_force_b': False, 'method': 'primal_line_search_N_1_AGDA', 'pjx': False, 'pjy': True}
positive number of yi(batch): 6000 max y_i: 0.00016665649411606864 min y_i: 0.00016665649411606864
positive number of yi(total): 6000 max y_i: 0.00016665649411606864 min y_i: 0.00016665649411606864
-----------------------------------------------------------------------------------------------


-----------------------------------------------------------------------------------------------
Total Complexity:
sim times: 0 iter: 2639 epoch: 2639.0 OC: 15834000.0 SC: 15834000
Current Complexity:
iter: 2600 epoch: 2600.0 OC: 15600000.0 SC: 15600000
Iterates Info:
acc: 0.5 , loss: 11.527053700329006 , primalF: 11.527053702294838
||sto grad_x||^2: 21.246751218705114 ||sto grad_y||^2: 0.0
||true grad_x||^2: 21.246751218705114 ||true grad_y||^2: 0.0
lr_x: 0.8659814895757123 , lr_y: 43.046721000000005
mu: 0.01 , kappa: 10
{'lr_x': 0.8659814895757123, 'lr_y': 43.046721000000005, 'b': 6000, 'eps': tensor(0.1307, device='cuda:0', grad_fn=<PowBackward0>), 'N': 1, 'K': 3000, 'real_K': 3000, 'L': 0.023230573125418773, 'mu': 0.01, 'std_x': 0.0, 'std_y': 0.0, 'is_force_b': False, 'method': 'primal_line_search_N_1_AGDA', 'pjx': False, 'pjy': True}
positive number of yi(batch): 6000 max y_i: 0.00016665649411606864 min y_i: 0.00016665649411606864
positive number of yi(total): 6000 max y_i: 0.00016665649411606864 min y_i: 0.00016665649411606864
-----------------------------------------------------------------------------------------------


-----------------------------------------------------------------------------------------------
Total Complexity:
sim times: 0 iter: 2689 epoch: 2689.0 OC: 16134000.0 SC: 16134000
Current Complexity:
iter: 2650 epoch: 2650.0 OC: 15900000.0 SC: 15900000
Iterates Info:
acc: 0.5 , loss: 11.526845495442696 , primalF: 11.526845497408495
||sto grad_x||^2: 21.24675089960313 ||sto grad_y||^2: 0.0
||true grad_x||^2: 21.24675089960313 ||true grad_y||^2: 0.0
lr_x: 0.8659814895757123 , lr_y: 43.046721000000005
mu: 0.01 , kappa: 10
{'lr_x': 0.8659814895757123, 'lr_y': 43.046721000000005, 'b': 6000, 'eps': tensor(0.1307, device='cuda:0', grad_fn=<PowBackward0>), 'N': 1, 'K': 3000, 'real_K': 3000, 'L': 0.023230573125418773, 'mu': 0.01, 'std_x': 0.0, 'std_y': 0.0, 'is_force_b': False, 'method': 'primal_line_search_N_1_AGDA', 'pjx': False, 'pjy': True}
positive number of yi(batch): 6000 max y_i: 0.00016665649411606864 min y_i: 0.00016665649411606864
positive number of yi(total): 6000 max y_i: 0.00016665649411606864 min y_i: 0.00016665649411606864
-----------------------------------------------------------------------------------------------


-----------------------------------------------------------------------------------------------
Total Complexity:
sim times: 0 iter: 2739 epoch: 2739.0 OC: 16434000.0 SC: 16434000
Current Complexity:
iter: 2700 epoch: 2700.0 OC: 16200000.0 SC: 16200000
Iterates Info:
acc: 0.5 , loss: 11.526636413338917 , primalF: 11.526636415304678
||sto grad_x||^2: 21.24675056431972 ||sto grad_y||^2: 0.0
||true grad_x||^2: 21.24675056431972 ||true grad_y||^2: 0.0
lr_x: 0.8659814895757123 , lr_y: 43.046721000000005
mu: 0.01 , kappa: 10
{'lr_x': 0.8659814895757123, 'lr_y': 43.046721000000005, 'b': 6000, 'eps': tensor(0.1307, device='cuda:0', grad_fn=<PowBackward0>), 'N': 1, 'K': 3000, 'real_K': 3000, 'L': 0.023230573125418773, 'mu': 0.01, 'std_x': 0.0, 'std_y': 0.0, 'is_force_b': False, 'method': 'primal_line_search_N_1_AGDA', 'pjx': False, 'pjy': True}
positive number of yi(batch): 6000 max y_i: 0.00016665649411606864 min y_i: 0.00016665649411606864
positive number of yi(total): 6000 max y_i: 0.00016665649411606864 min y_i: 0.00016665649411606864
-----------------------------------------------------------------------------------------------


-----------------------------------------------------------------------------------------------
Total Complexity:
sim times: 0 iter: 2789 epoch: 2789.0 OC: 16734000.0 SC: 16734000
Current Complexity:
iter: 2750 epoch: 2750.0 OC: 16500000.0 SC: 16500000
Iterates Info:
acc: 0.5 , loss: 11.526427060911908 , primalF: 11.526427062877634
||sto grad_x||^2: 21.246750214189706 ||sto grad_y||^2: 0.0
||true grad_x||^2: 21.246750214189706 ||true grad_y||^2: 0.0
lr_x: 0.8659814895757123 , lr_y: 43.046721000000005
mu: 0.01 , kappa: 10
{'lr_x': 0.8659814895757123, 'lr_y': 43.046721000000005, 'b': 6000, 'eps': tensor(0.1307, device='cuda:0', grad_fn=<PowBackward0>), 'N': 1, 'K': 3000, 'real_K': 3000, 'L': 0.023230573125418773, 'mu': 0.01, 'std_x': 0.0, 'std_y': 0.0, 'is_force_b': False, 'method': 'primal_line_search_N_1_AGDA', 'pjx': False, 'pjy': True}
positive number of yi(batch): 6000 max y_i: 0.00016665649411606864 min y_i: 0.00016665649411606864
positive number of yi(total): 6000 max y_i: 0.00016665649411606864 min y_i: 0.00016665649411606864
-----------------------------------------------------------------------------------------------


-----------------------------------------------------------------------------------------------
Total Complexity:
sim times: 0 iter: 2839 epoch: 2839.0 OC: 17034000.0 SC: 17034000
Current Complexity:
iter: 2800 epoch: 2800.0 OC: 16800000.0 SC: 16800000
Iterates Info:
acc: 0.5 , loss: 11.526217868941623 , primalF: 11.526217870907313
||sto grad_x||^2: 21.246749851695675 ||sto grad_y||^2: 0.0
||true grad_x||^2: 21.246749851695675 ||true grad_y||^2: 0.0
lr_x: 0.8659814895757123 , lr_y: 43.046721000000005
mu: 0.01 , kappa: 10
{'lr_x': 0.8659814895757123, 'lr_y': 43.046721000000005, 'b': 6000, 'eps': tensor(0.1307, device='cuda:0', grad_fn=<PowBackward0>), 'N': 1, 'K': 3000, 'real_K': 3000, 'L': 0.023230573125418773, 'mu': 0.01, 'std_x': 0.0, 'std_y': 0.0, 'is_force_b': False, 'method': 'primal_line_search_N_1_AGDA', 'pjx': False, 'pjy': True}
positive number of yi(batch): 6000 max y_i: 0.00016665649411606864 min y_i: 0.00016665649411606864
positive number of yi(total): 6000 max y_i: 0.00016665649411606864 min y_i: 0.00016665649411606864
-----------------------------------------------------------------------------------------------


-----------------------------------------------------------------------------------------------
Total Complexity:
sim times: 0 iter: 2889 epoch: 2889.0 OC: 17334000.0 SC: 17334000
Current Complexity:
iter: 2850 epoch: 2850.0 OC: 17100000.0 SC: 17100000
Iterates Info:
acc: 0.5 , loss: 11.526009141492137 , primalF: 11.526009143457788
||sto grad_x||^2: 21.246749479384953 ||sto grad_y||^2: 0.0
||true grad_x||^2: 21.24674947938496 ||true grad_y||^2: 0.0
lr_x: 0.8659814895757123 , lr_y: 43.046721000000005
mu: 0.01 , kappa: 10
{'lr_x': 0.8659814895757123, 'lr_y': 43.046721000000005, 'b': 6000, 'eps': tensor(0.1307, device='cuda:0', grad_fn=<PowBackward0>), 'N': 1, 'K': 3000, 'real_K': 3000, 'L': 0.023230573125418773, 'mu': 0.01, 'std_x': 0.0, 'std_y': 0.0, 'is_force_b': False, 'method': 'primal_line_search_N_1_AGDA', 'pjx': False, 'pjy': True}
positive number of yi(batch): 6000 max y_i: 0.00016665649411606864 min y_i: 0.00016665649411606864
positive number of yi(total): 6000 max y_i: 0.00016665649411606864 min y_i: 0.00016665649411606864
-----------------------------------------------------------------------------------------------


-----------------------------------------------------------------------------------------------
Total Complexity:
sim times: 0 iter: 2939 epoch: 2939.0 OC: 17634000.0 SC: 17634000
Current Complexity:
iter: 2900 epoch: 2900.0 OC: 17400000.0 SC: 17400000
Iterates Info:
acc: 0.5 , loss: 11.525801092349951 , primalF: 11.525801095298378
||sto grad_x||^2: 21.246749099451698 ||sto grad_y||^2: 0.0
||true grad_x||^2: 21.246749099451698 ||true grad_y||^2: 0.0
lr_x: 0.8659814895757123 , lr_y: 43.046721000000005
mu: 0.01 , kappa: 10
{'lr_x': 0.8659814895757123, 'lr_y': 43.046721000000005, 'b': 6000, 'eps': tensor(0.1307, device='cuda:0', grad_fn=<PowBackward0>), 'N': 1, 'K': 3000, 'real_K': 3000, 'L': 0.023230573125418773, 'mu': 0.01, 'std_x': 0.0, 'std_y': 0.0, 'is_force_b': False, 'method': 'primal_line_search_N_1_AGDA', 'pjx': False, 'pjy': True}
positive number of yi(batch): 6000 max y_i: 0.00016665649411606864 min y_i: 0.00016665649411606864
positive number of yi(total): 6000 max y_i: 0.00016665649411606864 min y_i: 0.00016665649411606864
-----------------------------------------------------------------------------------------------


-----------------------------------------------------------------------------------------------
Total Complexity:
sim times: 0 iter: 2989 epoch: 2989.0 OC: 17934000.0 SC: 17934000
Current Complexity:
iter: 2950 epoch: 2950.0 OC: 17700000.0 SC: 17700000
Iterates Info:
acc: 0.5 , loss: 11.525593871417655 , primalF: 11.525593873383237
||sto grad_x||^2: 21.246748713635263 ||sto grad_y||^2: 0.0
||true grad_x||^2: 21.24674871363527 ||true grad_y||^2: 0.0
lr_x: 0.8659814895757123 , lr_y: 43.046721000000005
mu: 0.01 , kappa: 10
{'lr_x': 0.8659814895757123, 'lr_y': 43.046721000000005, 'b': 6000, 'eps': tensor(0.1307, device='cuda:0', grad_fn=<PowBackward0>), 'N': 1, 'K': 3000, 'real_K': 3000, 'L': 0.023230573125418773, 'mu': 0.01, 'std_x': 0.0, 'std_y': 0.0, 'is_force_b': False, 'method': 'primal_line_search_N_1_AGDA', 'pjx': False, 'pjy': True}
positive number of yi(batch): 6000 max y_i: 0.00016665649411606864 min y_i: 0.00016665649411606864
positive number of yi(total): 6000 max y_i: 0.00016665649411606864 min y_i: 0.00016665649411606864
-----------------------------------------------------------------------------------------------


-----------------------------------------------------------------------------------------------
Total Complexity:
sim times: 0 iter: 3039 epoch: 3039.0 OC: 18234000.0 SC: 18234000
Current Complexity:
iter: 3000 epoch: 3000.0 OC: 18000000.0 SC: 18000000
Iterates Info:
acc: 0.5 , loss: 11.525387583602924 , primalF: 11.525387586551243
||sto grad_x||^2: 21.24674832325131 ||sto grad_y||^2: 0.0
||true grad_x||^2: 21.24674832325131 ||true grad_y||^2: 0.0
lr_x: 0.8659814895757123 , lr_y: 43.046721000000005
mu: 0.01 , kappa: 10
{'lr_x': 0.8659814895757123, 'lr_y': 43.046721000000005, 'b': 6000, 'eps': tensor(0.1307, device='cuda:0', grad_fn=<PowBackward0>), 'N': 1, 'K': 3000, 'real_K': 3000, 'L': 0.023230573125418773, 'mu': 0.01, 'std_x': 0.0, 'std_y': 0.0, 'is_force_b': False, 'method': 'primal_line_search_N_1_AGDA', 'pjx': False, 'pjy': True}
positive number of yi(batch): 6000 max y_i: 0.00016665649411606864 min y_i: 0.00016665649411606864
positive number of yi(total): 6000 max y_i: 0.00016665649411606864 min y_i: 0.00016665649411606864
-----------------------------------------------------------------------------------------------


Contraction 7 fails, gap=21.246072767695754, lcondition=21.24674832325131, rcondition=0.0006755555555555555, Phi0=0.6932174911522168, Phik=11.52538758556847

Phi0 = 0.6932174911522168
-----------------------------------------------------------------------------------------------
Total Complexity:
sim times: 0 iter: 3039 epoch: 3039.0 OC: 18234000.0 SC: 18234000
Current Complexity:
iter: 0 epoch: 0 OC: 0 SC: 0
Iterates Info:
acc: 0.5073333333333333 , loss: 0.6932174911522168 , primalF: 0.6932174911522168
||sto grad_x||^2: 0.15044178688148394 ||sto grad_y||^2: 5.0455265607172055e-29
||true grad_x||^2: 0.1504417868814839 ||true grad_y||^2: 5.0455265607172055e-29
lr_x: 0.6313005059006941 , lr_y: 38.7420489
mu: 0.01 , kappa: 10
{'lr_x': 0.6313005059006941, 'lr_y': 38.7420489, 'b': 6000, 'eps': tensor(0.1531, device='cuda:0', grad_fn=<PowBackward0>), 'N': 1, 'K': 3000, 'real_K': 3000, 'L': 0.02581174791713197, 'mu': 0.01, 'std_x': 0.0, 'std_y': 0.0, 'is_force_b': False, 'method': 'primal_line_search_N_1_AGDA', 'pjx': False, 'pjy': True}
positive number of yi(batch): 6000 max y_i: 0.00016665649414093764 min y_i: 0.00016665649414093764
positive number of yi(total): 6000 max y_i: 0.00016665649414093764 min y_i: 0.00016665649414093764
-----------------------------------------------------------------------------------------------


contraction 8 fails, the gap is nan
Phi0 = 0.6932174911522168
-----------------------------------------------------------------------------------------------
Total Complexity:
sim times: 0 iter: 3056 epoch: 3056.0 OC: 18336000.0 SC: 18336000
Current Complexity:
iter: 0 epoch: 0 OC: 0 SC: 0
Iterates Info:
acc: 0.5073333333333333 , loss: 0.6932174911522168 , primalF: 0.6932174911522168
||sto grad_x||^2: 0.1504417868814839 ||sto grad_y||^2: 0.0
||true grad_x||^2: 0.1504417868814839 ||true grad_y||^2: 0.0
lr_x: 0.46021806880160593 , lr_y: 34.86784401
mu: 0.01 , kappa: 10
{'lr_x': 0.46021806880160593, 'lr_y': 34.86784401, 'b': 6000, 'eps': tensor(0.1793, device='cuda:0', grad_fn=<PowBackward0>), 'N': 1, 'K': 3000, 'real_K': 3000, 'L': 0.028679719907924412, 'mu': 0.01, 'std_x': 0.0, 'std_y': 0.0, 'is_force_b': False, 'method': 'primal_line_search_N_1_AGDA', 'pjx': False, 'pjy': True}
positive number of yi(batch): 6000 max y_i: 0.00016665649414093764 min y_i: 0.00016665649414093764
positive number of yi(total): 6000 max y_i: 0.00016665649414093764 min y_i: 0.00016665649414093764
-----------------------------------------------------------------------------------------------


-----------------------------------------------------------------------------------------------
Total Complexity:
sim times: 0 iter: 3106 epoch: 3106.0 OC: 18636000.0 SC: 18636000
Current Complexity:
iter: 50 epoch: 50.0 OC: 300000.0 SC: 300000
Iterates Info:
acc: 0.9505 , loss: 0.14067885978663386 , primalF: 0.14067885978644645
||sto grad_x||^2: 0.010410219949016296 ||sto grad_y||^2: 3.8931532104299434e-30
||true grad_x||^2: 0.010410219949016296 ||true grad_y||^2: 3.8931532104299434e-30
lr_x: 0.46021806880160593 , lr_y: 34.86784401
mu: 0.01 , kappa: 10
{'lr_x': 0.46021806880160593, 'lr_y': 34.86784401, 'b': 6000, 'eps': tensor(0.1793, device='cuda:0', grad_fn=<PowBackward0>), 'N': 1, 'K': 3000, 'real_K': 3000, 'L': 0.028679719907924412, 'mu': 0.01, 'std_x': 0.0, 'std_y': 0.0, 'is_force_b': False, 'method': 'primal_line_search_N_1_AGDA', 'pjx': False, 'pjy': True}
positive number of yi(batch): 6000 max y_i: 0.00016665649414093764 min y_i: 0.00016665649414093764
positive number of yi(total): 6000 max y_i: 0.00016665649414093764 min y_i: 0.00016665649414093764
-----------------------------------------------------------------------------------------------


contraction 9 fails, the gap is nan
Phi0 = 0.6932174911522168
-----------------------------------------------------------------------------------------------
Total Complexity:
sim times: 0 iter: 3139 epoch: 3139.0 OC: 18834000.0 SC: 18834000
Current Complexity:
iter: 0 epoch: 0 OC: 0 SC: 0
Iterates Info:
acc: 0.5073333333333333 , loss: 0.6932174911522168 , primalF: 0.6932174911522168
||sto grad_x||^2: 0.1504417868814839 ||sto grad_y||^2: 0.0
||true grad_x||^2: 0.15044178688148394 ||true grad_y||^2: 0.0
lr_x: 0.33549897215637076 , lr_y: 31.381059609
mu: 0.01 , kappa: 10
{'lr_x': 0.33549897215637076, 'lr_y': 31.381059609, 'b': 6000, 'eps': tensor(0.2100, device='cuda:0', grad_fn=<PowBackward0>), 'N': 1, 'K': 3000, 'real_K': 3000, 'L': 0.03186635545324935, 'mu': 0.01, 'std_x': 0.0, 'std_y': 0.0, 'is_force_b': False, 'method': 'primal_line_search_N_1_AGDA', 'pjx': False, 'pjy': True}
positive number of yi(batch): 6000 max y_i: 0.00016665649414093764 min y_i: 0.00016665649414093764
positive number of yi(total): 6000 max y_i: 0.00016665649414093764 min y_i: 0.00016665649414093764
-----------------------------------------------------------------------------------------------


-----------------------------------------------------------------------------------------------
Total Complexity:
sim times: 0 iter: 3189 epoch: 3189.0 OC: 19134000.0 SC: 19134000
Current Complexity:
iter: 50 epoch: 50.0 OC: 300000.0 SC: 300000
Iterates Info:
acc: 0.9646666666666667 , loss: 0.10679805162389638 , primalF: 0.10679805162389638
||sto grad_x||^2: 0.17034998587275885 ||sto grad_y||^2: 0.0
||true grad_x||^2: 0.17034998587275885 ||true grad_y||^2: 0.0
lr_x: 0.33549897215637076 , lr_y: 31.381059609
mu: 0.01 , kappa: 10
{'lr_x': 0.33549897215637076, 'lr_y': 31.381059609, 'b': 6000, 'eps': tensor(0.2100, device='cuda:0', grad_fn=<PowBackward0>), 'N': 1, 'K': 3000, 'real_K': 3000, 'L': 0.03186635545324935, 'mu': 0.01, 'std_x': 0.0, 'std_y': 0.0, 'is_force_b': False, 'method': 'primal_line_search_N_1_AGDA', 'pjx': False, 'pjy': True}
positive number of yi(batch): 6000 max y_i: 0.00016665649414049355 min y_i: 0.00016665649414049355
positive number of yi(total): 6000 max y_i: 0.00016665649414049355 min y_i: 0.00016665649414049355
-----------------------------------------------------------------------------------------------


-----------------------------------------------------------------------------------------------
Total Complexity:
sim times: 0 iter: 3239 epoch: 3239.0 OC: 19434000.0 SC: 19434000
Current Complexity:
iter: 100 epoch: 100.0 OC: 600000.0 SC: 600000
Iterates Info:
acc: 0.9811666666666666 , loss: 0.0659826945627058 , primalF: 0.06598269456257393
||sto grad_x||^2: 0.0028617026373138066 ||sto grad_y||^2: 0.0
||true grad_x||^2: 0.0028617026373138066 ||true grad_y||^2: 0.0
lr_x: 0.33549897215637076 , lr_y: 31.381059609
mu: 0.01 , kappa: 10
{'lr_x': 0.33549897215637076, 'lr_y': 31.381059609, 'b': 6000, 'eps': tensor(0.2100, device='cuda:0', grad_fn=<PowBackward0>), 'N': 1, 'K': 3000, 'real_K': 3000, 'L': 0.03186635545324935, 'mu': 0.01, 'std_x': 0.0, 'std_y': 0.0, 'is_force_b': False, 'method': 'primal_line_search_N_1_AGDA', 'pjx': False, 'pjy': True}
positive number of yi(batch): 6000 max y_i: 0.00016665649414093764 min y_i: 0.00016665649414093764
positive number of yi(total): 6000 max y_i: 0.00016665649414093764 min y_i: 0.00016665649414093764
-----------------------------------------------------------------------------------------------


-----------------------------------------------------------------------------------------------
Total Complexity:
sim times: 0 iter: 3289 epoch: 3289.0 OC: 19734000.0 SC: 19734000
Current Complexity:
iter: 150 epoch: 150.0 OC: 900000.0 SC: 900000
Iterates Info:
acc: 0.9651666666666666 , loss: 0.1220663970372852 , primalF: 0.12206639703712259
||sto grad_x||^2: 0.046757076922614625 ||sto grad_y||^2: 0.0
||true grad_x||^2: 0.04675707692261463 ||true grad_y||^2: 0.0
lr_x: 0.33549897215637076 , lr_y: 31.381059609
mu: 0.01 , kappa: 10
{'lr_x': 0.33549897215637076, 'lr_y': 31.381059609, 'b': 6000, 'eps': tensor(0.2100, device='cuda:0', grad_fn=<PowBackward0>), 'N': 1, 'K': 3000, 'real_K': 3000, 'L': 0.03186635545324935, 'mu': 0.01, 'std_x': 0.0, 'std_y': 0.0, 'is_force_b': False, 'method': 'primal_line_search_N_1_AGDA', 'pjx': False, 'pjy': True}
positive number of yi(batch): 6000 max y_i: 0.00016665649414093764 min y_i: 0.00016665649414093764
positive number of yi(total): 6000 max y_i: 0.00016665649414093764 min y_i: 0.00016665649414093764
-----------------------------------------------------------------------------------------------


-----------------------------------------------------------------------------------------------
Total Complexity:
sim times: 0 iter: 3339 epoch: 3339.0 OC: 20034000.0 SC: 20034000
Current Complexity:
iter: 200 epoch: 200.0 OC: 1200000.0 SC: 1200000
Iterates Info:
acc: 0.9915 , loss: 0.037589213075407996 , primalF: 0.03758921307538295
||sto grad_x||^2: 0.0017056428010172621 ||sto grad_y||^2: 3.0039762426156967e-31
||true grad_x||^2: 0.0017056428010172621 ||true grad_y||^2: 3.0039762426156967e-31
lr_x: 0.33549897215637076 , lr_y: 31.381059609
mu: 0.01 , kappa: 10
{'lr_x': 0.33549897215637076, 'lr_y': 31.381059609, 'b': 6000, 'eps': tensor(0.2100, device='cuda:0', grad_fn=<PowBackward0>), 'N': 1, 'K': 3000, 'real_K': 3000, 'L': 0.03186635545324935, 'mu': 0.01, 'std_x': 0.0, 'std_y': 0.0, 'is_force_b': False, 'method': 'primal_line_search_N_1_AGDA', 'pjx': False, 'pjy': True}
positive number of yi(batch): 6000 max y_i: 0.0001666564941407156 min y_i: 0.0001666564941407156
positive number of yi(total): 6000 max y_i: 0.0001666564941407156 min y_i: 0.0001666564941407156
-----------------------------------------------------------------------------------------------


-----------------------------------------------------------------------------------------------
Total Complexity:
sim times: 0 iter: 3389 epoch: 3389.0 OC: 20334000.0 SC: 20334000
Current Complexity:
iter: 250 epoch: 250.0 OC: 1500000.0 SC: 1500000
Iterates Info:
acc: 0.9973333333333333 , loss: 0.01758257769907095 , primalF: 0.01758257769907388
||sto grad_x||^2: 0.0007578011485880274 ||sto grad_y||^2: 0.0
||true grad_x||^2: 0.0007578011485880274 ||true grad_y||^2: 0.0
lr_x: 0.33549897215637076 , lr_y: 31.381059609
mu: 0.01 , kappa: 10
{'lr_x': 0.33549897215637076, 'lr_y': 31.381059609, 'b': 6000, 'eps': tensor(0.2100, device='cuda:0', grad_fn=<PowBackward0>), 'N': 1, 'K': 3000, 'real_K': 3000, 'L': 0.03186635545324935, 'mu': 0.01, 'std_x': 0.0, 'std_y': 0.0, 'is_force_b': False, 'method': 'primal_line_search_N_1_AGDA', 'pjx': False, 'pjy': True}
positive number of yi(batch): 6000 max y_i: 0.00016665649414060457 min y_i: 0.00016665649414060457
positive number of yi(total): 6000 max y_i: 0.00016665649414060457 min y_i: 0.00016665649414060457
-----------------------------------------------------------------------------------------------


-----------------------------------------------------------------------------------------------
Total Complexity:
sim times: 0 iter: 3439 epoch: 3439.0 OC: 20634000.0 SC: 20634000
Current Complexity:
iter: 300 epoch: 300.0 OC: 1800000.0 SC: 1800000
Iterates Info:
acc: 0.9991666666666666 , loss: 0.00899890097957432 , primalF: 0.008998900979572821
||sto grad_x||^2: 0.00033104495305382456 ||sto grad_y||^2: 1.8774851516348104e-32
||true grad_x||^2: 0.00033104495305382456 ||true grad_y||^2: 0.0
lr_x: 0.33549897215637076 , lr_y: 31.381059609
mu: 0.01 , kappa: 10
{'lr_x': 0.33549897215637076, 'lr_y': 31.381059609, 'b': 6000, 'eps': tensor(0.2100, device='cuda:0', grad_fn=<PowBackward0>), 'N': 1, 'K': 3000, 'real_K': 3000, 'L': 0.03186635545324935, 'mu': 0.01, 'std_x': 0.0, 'std_y': 0.0, 'is_force_b': False, 'method': 'primal_line_search_N_1_AGDA', 'pjx': False, 'pjy': True}
positive number of yi(batch): 6000 max y_i: 0.00016665649414066008 min y_i: 0.00016665649414066008
positive number of yi(total): 6000 max y_i: 0.00016665649414066008 min y_i: 0.00016665649414066008
-----------------------------------------------------------------------------------------------


-----------------------------------------------------------------------------------------------
Total Complexity:
sim times: 0 iter: 3489 epoch: 3489.0 OC: 20934000.0 SC: 20934000
Current Complexity:
iter: 350 epoch: 350.0 OC: 2100000.0 SC: 2100000
Iterates Info:
acc: 0.9996666666666667 , loss: 0.004970748670548567 , primalF: 0.0049707486705483596
||sto grad_x||^2: 0.00014130563006400522 ||sto grad_y||^2: 4.693712879087026e-33
||true grad_x||^2: 0.0001413056300640052 ||true grad_y||^2: 4.693712879087026e-33
lr_x: 0.33549897215637076 , lr_y: 31.381059609
mu: 0.01 , kappa: 10
{'lr_x': 0.33549897215637076, 'lr_y': 31.381059609, 'b': 6000, 'eps': tensor(0.2100, device='cuda:0', grad_fn=<PowBackward0>), 'N': 1, 'K': 3000, 'real_K': 3000, 'L': 0.03186635545324935, 'mu': 0.01, 'std_x': 0.0, 'std_y': 0.0, 'is_force_b': False, 'method': 'primal_line_search_N_1_AGDA', 'pjx': False, 'pjy': True}
positive number of yi(batch): 6000 max y_i: 0.00016665649414063233 min y_i: 0.00016665649414063233
positive number of yi(total): 6000 max y_i: 0.00016665649414063233 min y_i: 0.00016665649414063233
-----------------------------------------------------------------------------------------------


-----------------------------------------------------------------------------------------------
Total Complexity:
sim times: 0 iter: 3539 epoch: 3539.0 OC: 21234000.0 SC: 21234000
Current Complexity:
iter: 400 epoch: 400.0 OC: 2400000.0 SC: 2400000
Iterates Info:
acc: 0.9998333333333334 , loss: 0.0033147334595865652 , primalF: 0.003314733459586842
||sto grad_x||^2: 8.092824265358219e-05 ||sto grad_y||^2: 0.0
||true grad_x||^2: 8.092824265358219e-05 ||true grad_y||^2: 1.1734282197717565e-33
lr_x: 0.33549897215637076 , lr_y: 31.381059609
mu: 0.01 , kappa: 10
{'lr_x': 0.33549897215637076, 'lr_y': 31.381059609, 'b': 6000, 'eps': tensor(0.2100, device='cuda:0', grad_fn=<PowBackward0>), 'N': 1, 'K': 3000, 'real_K': 3000, 'L': 0.03186635545324935, 'mu': 0.01, 'std_x': 0.0, 'std_y': 0.0, 'is_force_b': False, 'method': 'primal_line_search_N_1_AGDA', 'pjx': False, 'pjy': True}
positive number of yi(batch): 6000 max y_i: 0.00016665649414061845 min y_i: 0.00016665649414061845
positive number of yi(total): 6000 max y_i: 0.00016665649414061845 min y_i: 0.00016665649414061845
-----------------------------------------------------------------------------------------------


-----------------------------------------------------------------------------------------------
Total Complexity:
sim times: 0 iter: 3589 epoch: 3589.0 OC: 21534000.0 SC: 21534000
Current Complexity:
iter: 450 epoch: 450.0 OC: 2700000.0 SC: 2700000
Iterates Info:
acc: 0.9998333333333334 , loss: 0.0018524184239600942 , primalF: 0.0018524184239600942
||sto grad_x||^2: 7.117023208203932e-05 ||sto grad_y||^2: 2.9335705494293913e-34
||true grad_x||^2: 7.117023208203932e-05 ||true grad_y||^2: 2.9335705494293913e-34
lr_x: 0.33549897215637076 , lr_y: 31.381059609
mu: 0.01 , kappa: 10
{'lr_x': 0.33549897215637076, 'lr_y': 31.381059609, 'b': 6000, 'eps': tensor(0.2100, device='cuda:0', grad_fn=<PowBackward0>), 'N': 1, 'K': 3000, 'real_K': 3000, 'L': 0.03186635545324935, 'mu': 0.01, 'std_x': 0.0, 'std_y': 0.0, 'is_force_b': False, 'method': 'primal_line_search_N_1_AGDA', 'pjx': False, 'pjy': True}
positive number of yi(batch): 6000 max y_i: 0.0001666564941406254 min y_i: 0.0001666564941406254
positive number of yi(total): 6000 max y_i: 0.0001666564941406254 min y_i: 0.0001666564941406254
-----------------------------------------------------------------------------------------------


-----------------------------------------------------------------------------------------------
Total Complexity:
sim times: 0 iter: 3639 epoch: 3639.0 OC: 21834000.0 SC: 21834000
Current Complexity:
iter: 500 epoch: 500.0 OC: 3000000.0 SC: 3000000
Iterates Info:
acc: 1.0 , loss: 0.0012327009453314442 , primalF: 0.0012327009453313928
||sto grad_x||^2: 2.2295069791905158e-05 ||sto grad_y||^2: 2.9335705494293913e-34
||true grad_x||^2: 2.2295069791905158e-05 ||true grad_y||^2: 2.9335705494293913e-34
lr_x: 0.33549897215637076 , lr_y: 31.381059609
mu: 0.01 , kappa: 10
{'lr_x': 0.33549897215637076, 'lr_y': 31.381059609, 'b': 6000, 'eps': tensor(0.2100, device='cuda:0', grad_fn=<PowBackward0>), 'N': 1, 'K': 3000, 'real_K': 3000, 'L': 0.03186635545324935, 'mu': 0.01, 'std_x': 0.0, 'std_y': 0.0, 'is_force_b': False, 'method': 'primal_line_search_N_1_AGDA', 'pjx': False, 'pjy': True}
positive number of yi(batch): 6000 max y_i: 0.00016665649414063233 min y_i: 0.00016665649414063233
positive number of yi(total): 6000 max y_i: 0.00016665649414063233 min y_i: 0.00016665649414063233
-----------------------------------------------------------------------------------------------


-----------------------------------------------------------------------------------------------
Total Complexity:
sim times: 0 iter: 3689 epoch: 3689.0 OC: 22134000.0 SC: 22134000
Current Complexity:
iter: 550 epoch: 550.0 OC: 3300000.0 SC: 3300000
Iterates Info:
acc: 1.0 , loss: 0.0009432397845113054 , primalF: 0.0009432397845113054
||sto grad_x||^2: 1.338013814815097e-05 ||sto grad_y||^2: 7.333926373573478e-35
||true grad_x||^2: 1.338013814815097e-05 ||true grad_y||^2: 7.333926373573478e-35
lr_x: 0.33549897215637076 , lr_y: 31.381059609
mu: 0.01 , kappa: 10
{'lr_x': 0.33549897215637076, 'lr_y': 31.381059609, 'b': 6000, 'eps': tensor(0.2100, device='cuda:0', grad_fn=<PowBackward0>), 'N': 1, 'K': 3000, 'real_K': 3000, 'L': 0.03186635545324935, 'mu': 0.01, 'std_x': 0.0, 'std_y': 0.0, 'is_force_b': False, 'method': 'primal_line_search_N_1_AGDA', 'pjx': False, 'pjy': True}
positive number of yi(batch): 6000 max y_i: 0.0001666564941406254 min y_i: 0.0001666564941406254
positive number of yi(total): 6000 max y_i: 0.0001666564941406254 min y_i: 0.0001666564941406254
-----------------------------------------------------------------------------------------------


-----------------------------------------------------------------------------------------------
Total Complexity:
sim times: 0 iter: 3739 epoch: 3739.0 OC: 22434000.0 SC: 22434000
Current Complexity:
iter: 600 epoch: 600.0 OC: 3600000.0 SC: 3600000
Iterates Info:
acc: 1.0 , loss: 0.0007587363337135096 , primalF: 0.0007587363337135254
||sto grad_x||^2: 9.004397638361173e-06 ||sto grad_y||^2: 7.333926373573478e-35
||true grad_x||^2: 9.004397638361173e-06 ||true grad_y||^2: 7.333926373573478e-35
lr_x: 0.33549897215637076 , lr_y: 31.381059609
mu: 0.01 , kappa: 10
{'lr_x': 0.33549897215637076, 'lr_y': 31.381059609, 'b': 6000, 'eps': tensor(0.2100, device='cuda:0', grad_fn=<PowBackward0>), 'N': 1, 'K': 3000, 'real_K': 3000, 'L': 0.03186635545324935, 'mu': 0.01, 'std_x': 0.0, 'std_y': 0.0, 'is_force_b': False, 'method': 'primal_line_search_N_1_AGDA', 'pjx': False, 'pjy': True}
positive number of yi(batch): 6000 max y_i: 0.00016665649414062192 min y_i: 0.00016665649414062192
positive number of yi(total): 6000 max y_i: 0.00016665649414062192 min y_i: 0.00016665649414062192
-----------------------------------------------------------------------------------------------


-----------------------------------------------------------------------------------------------
Total Complexity:
sim times: 0 iter: 3789 epoch: 3789.0 OC: 22734000.0 SC: 22734000
Current Complexity:
iter: 650 epoch: 650.0 OC: 3900000.0 SC: 3900000
Iterates Info:
acc: 1.0 , loss: 0.0006305989977417604 , primalF: 0.0006305989977417604
||sto grad_x||^2: 6.453526915192863e-06 ||sto grad_y||^2: 7.333926373573478e-35
||true grad_x||^2: 6.453526915192863e-06 ||true grad_y||^2: 7.333926373573478e-35
lr_x: 0.33549897215637076 , lr_y: 31.381059609
mu: 0.01 , kappa: 10
{'lr_x': 0.33549897215637076, 'lr_y': 31.381059609, 'b': 6000, 'eps': tensor(0.2100, device='cuda:0', grad_fn=<PowBackward0>), 'N': 1, 'K': 3000, 'real_K': 3000, 'L': 0.03186635545324935, 'mu': 0.01, 'std_x': 0.0, 'std_y': 0.0, 'is_force_b': False, 'method': 'primal_line_search_N_1_AGDA', 'pjx': False, 'pjy': True}
positive number of yi(batch): 6000 max y_i: 0.0001666564941406254 min y_i: 0.0001666564941406254
positive number of yi(total): 6000 max y_i: 0.0001666564941406254 min y_i: 0.0001666564941406254
-----------------------------------------------------------------------------------------------


-----------------------------------------------------------------------------------------------
Total Complexity:
sim times: 0 iter: 3839 epoch: 3839.0 OC: 23034000.0 SC: 23034000
Current Complexity:
iter: 700 epoch: 700.0 OC: 4200000.0 SC: 4200000
Iterates Info:
acc: 1.0 , loss: 0.0005367530913943856 , primalF: 0.0005367530913943968
||sto grad_x||^2: 4.832072959072013e-06 ||sto grad_y||^2: 7.333926373573478e-35
||true grad_x||^2: 4.832072959072013e-06 ||true grad_y||^2: 0.0
lr_x: 0.33549897215637076 , lr_y: 31.381059609
mu: 0.01 , kappa: 10
{'lr_x': 0.33549897215637076, 'lr_y': 31.381059609, 'b': 6000, 'eps': tensor(0.2100, device='cuda:0', grad_fn=<PowBackward0>), 'N': 1, 'K': 3000, 'real_K': 3000, 'L': 0.03186635545324935, 'mu': 0.01, 'std_x': 0.0, 'std_y': 0.0, 'is_force_b': False, 'method': 'primal_line_search_N_1_AGDA', 'pjx': False, 'pjy': True}
positive number of yi(batch): 6000 max y_i: 0.00016665649414062192 min y_i: 0.00016665649414062192
positive number of yi(total): 6000 max y_i: 0.00016665649414062192 min y_i: 0.00016665649414062192
-----------------------------------------------------------------------------------------------


-----------------------------------------------------------------------------------------------
Total Complexity:
sim times: 0 iter: 3889 epoch: 3889.0 OC: 23334000.0 SC: 23334000
Current Complexity:
iter: 750 epoch: 750.0 OC: 4500000.0 SC: 4500000
Iterates Info:
acc: 1.0 , loss: 0.00046533100700370576 , primalF: 0.0004653310070037033
||sto grad_x||^2: 3.7395699008173582e-06 ||sto grad_y||^2: 0.0
||true grad_x||^2: 3.7395699008173582e-06 ||true grad_y||^2: 0.0
lr_x: 0.33549897215637076 , lr_y: 31.381059609
mu: 0.01 , kappa: 10
{'lr_x': 0.33549897215637076, 'lr_y': 31.381059609, 'b': 6000, 'eps': tensor(0.2100, device='cuda:0', grad_fn=<PowBackward0>), 'N': 1, 'K': 3000, 'real_K': 3000, 'L': 0.03186635545324935, 'mu': 0.01, 'std_x': 0.0, 'std_y': 0.0, 'is_force_b': False, 'method': 'primal_line_search_N_1_AGDA', 'pjx': False, 'pjy': True}
positive number of yi(batch): 6000 max y_i: 0.0001666564941406254 min y_i: 0.0001666564941406254
positive number of yi(total): 6000 max y_i: 0.0001666564941406254 min y_i: 0.0001666564941406254
-----------------------------------------------------------------------------------------------


-----------------------------------------------------------------------------------------------
Total Complexity:
sim times: 0 iter: 3939 epoch: 3939.0 OC: 23634000.0 SC: 23634000
Current Complexity:
iter: 800 epoch: 800.0 OC: 4800000.0 SC: 4800000
Iterates Info:
acc: 1.0 , loss: 0.00040934170315406424 , primalF: 0.0004093417031540621
||sto grad_x||^2: 2.97054798579774e-06 ||sto grad_y||^2: 0.0
||true grad_x||^2: 2.97054798579774e-06 ||true grad_y||^2: 0.0
lr_x: 0.33549897215637076 , lr_y: 31.381059609
mu: 0.01 , kappa: 10
{'lr_x': 0.33549897215637076, 'lr_y': 31.381059609, 'b': 6000, 'eps': tensor(0.2100, device='cuda:0', grad_fn=<PowBackward0>), 'N': 1, 'K': 3000, 'real_K': 3000, 'L': 0.03186635545324935, 'mu': 0.01, 'std_x': 0.0, 'std_y': 0.0, 'is_force_b': False, 'method': 'primal_line_search_N_1_AGDA', 'pjx': False, 'pjy': True}
positive number of yi(batch): 6000 max y_i: 0.0001666564941406254 min y_i: 0.0001666564941406254
positive number of yi(total): 6000 max y_i: 0.0001666564941406254 min y_i: 0.0001666564941406254
-----------------------------------------------------------------------------------------------


-----------------------------------------------------------------------------------------------
Total Complexity:
sim times: 0 iter: 3989 epoch: 3989.0 OC: 23934000.0 SC: 23934000
Current Complexity:
iter: 850 epoch: 850.0 OC: 5100000.0 SC: 5100000
Iterates Info:
acc: 1.0 , loss: 0.0003643993188701995 , primalF: 0.00036439931887019853
||sto grad_x||^2: 2.41019430142481e-06 ||sto grad_y||^2: 0.0
||true grad_x||^2: 2.41019430142481e-06 ||true grad_y||^2: 0.0
lr_x: 0.33549897215637076 , lr_y: 31.381059609
mu: 0.01 , kappa: 10
{'lr_x': 0.33549897215637076, 'lr_y': 31.381059609, 'b': 6000, 'eps': tensor(0.2100, device='cuda:0', grad_fn=<PowBackward0>), 'N': 1, 'K': 3000, 'real_K': 3000, 'L': 0.03186635545324935, 'mu': 0.01, 'std_x': 0.0, 'std_y': 0.0, 'is_force_b': False, 'method': 'primal_line_search_N_1_AGDA', 'pjx': False, 'pjy': True}
positive number of yi(batch): 6000 max y_i: 0.0001666564941406254 min y_i: 0.0001666564941406254
positive number of yi(total): 6000 max y_i: 0.0001666564941406254 min y_i: 0.0001666564941406254
-----------------------------------------------------------------------------------------------


-----------------------------------------------------------------------------------------------
Total Complexity:
sim times: 0 iter: 4039 epoch: 4039.0 OC: 24234000.0 SC: 24234000
Current Complexity:
iter: 900 epoch: 900.0 OC: 5400000.0 SC: 5400000
Iterates Info:
acc: 1.0 , loss: 0.000327617261279855 , primalF: 0.0003276172612798541
||sto grad_x||^2: 1.9902160618223455e-06 ||sto grad_y||^2: 0.0
||true grad_x||^2: 1.9902160618223455e-06 ||true grad_y||^2: 0.0
lr_x: 0.33549897215637076 , lr_y: 31.381059609
mu: 0.01 , kappa: 10
{'lr_x': 0.33549897215637076, 'lr_y': 31.381059609, 'b': 6000, 'eps': tensor(0.2100, device='cuda:0', grad_fn=<PowBackward0>), 'N': 1, 'K': 3000, 'real_K': 3000, 'L': 0.03186635545324935, 'mu': 0.01, 'std_x': 0.0, 'std_y': 0.0, 'is_force_b': False, 'method': 'primal_line_search_N_1_AGDA', 'pjx': False, 'pjy': True}
positive number of yi(batch): 6000 max y_i: 0.0001666564941406254 min y_i: 0.0001666564941406254
positive number of yi(total): 6000 max y_i: 0.0001666564941406254 min y_i: 0.0001666564941406254
-----------------------------------------------------------------------------------------------


-----------------------------------------------------------------------------------------------
Total Complexity:
sim times: 0 iter: 4089 epoch: 4089.0 OC: 24534000.0 SC: 24534000
Current Complexity:
iter: 950 epoch: 950.0 OC: 5700000.0 SC: 5700000
Iterates Info:
acc: 1.0 , loss: 0.0002970215287802481 , primalF: 0.0002970215287802473
||sto grad_x||^2: 1.6679911441542517e-06 ||sto grad_y||^2: 0.0
||true grad_x||^2: 1.6679911441542517e-06 ||true grad_y||^2: 0.0
lr_x: 0.33549897215637076 , lr_y: 31.381059609
mu: 0.01 , kappa: 10
{'lr_x': 0.33549897215637076, 'lr_y': 31.381059609, 'b': 6000, 'eps': tensor(0.2100, device='cuda:0', grad_fn=<PowBackward0>), 'N': 1, 'K': 3000, 'real_K': 3000, 'L': 0.03186635545324935, 'mu': 0.01, 'std_x': 0.0, 'std_y': 0.0, 'is_force_b': False, 'method': 'primal_line_search_N_1_AGDA', 'pjx': False, 'pjy': True}
positive number of yi(batch): 6000 max y_i: 0.0001666564941406254 min y_i: 0.0001666564941406254
positive number of yi(total): 6000 max y_i: 0.0001666564941406254 min y_i: 0.0001666564941406254
-----------------------------------------------------------------------------------------------


-----------------------------------------------------------------------------------------------
Total Complexity:
sim times: 0 iter: 4139 epoch: 4139.0 OC: 24834000.0 SC: 24834000
Current Complexity:
iter: 1000 epoch: 1000.0 OC: 6000000.0 SC: 6000000
Iterates Info:
acc: 1.0 , loss: 0.00027121798972957003 , primalF: 0.0002712179897295693
||sto grad_x||^2: 1.415830753632476e-06 ||sto grad_y||^2: 0.0
||true grad_x||^2: 1.415830753632476e-06 ||true grad_y||^2: 0.0
lr_x: 0.33549897215637076 , lr_y: 31.381059609
mu: 0.01 , kappa: 10
{'lr_x': 0.33549897215637076, 'lr_y': 31.381059609, 'b': 6000, 'eps': tensor(0.2100, device='cuda:0', grad_fn=<PowBackward0>), 'N': 1, 'K': 3000, 'real_K': 3000, 'L': 0.03186635545324935, 'mu': 0.01, 'std_x': 0.0, 'std_y': 0.0, 'is_force_b': False, 'method': 'primal_line_search_N_1_AGDA', 'pjx': False, 'pjy': True}
positive number of yi(batch): 6000 max y_i: 0.0001666564941406254 min y_i: 0.0001666564941406254
positive number of yi(total): 6000 max y_i: 0.0001666564941406254 min y_i: 0.0001666564941406254
-----------------------------------------------------------------------------------------------


-----------------------------------------------------------------------------------------------
Total Complexity:
sim times: 0 iter: 4189 epoch: 4189.0 OC: 25134000.0 SC: 25134000
Current Complexity:
iter: 1050 epoch: 1050.0 OC: 6300000.0 SC: 6300000
Iterates Info:
acc: 1.0 , loss: 0.000249195973772264 , primalF: 0.0002491959737722633
||sto grad_x||^2: 1.2151057842904925e-06 ||sto grad_y||^2: 0.0
||true grad_x||^2: 1.2151057842904925e-06 ||true grad_y||^2: 0.0
lr_x: 0.33549897215637076 , lr_y: 31.381059609
mu: 0.01 , kappa: 10
{'lr_x': 0.33549897215637076, 'lr_y': 31.381059609, 'b': 6000, 'eps': tensor(0.2100, device='cuda:0', grad_fn=<PowBackward0>), 'N': 1, 'K': 3000, 'real_K': 3000, 'L': 0.03186635545324935, 'mu': 0.01, 'std_x': 0.0, 'std_y': 0.0, 'is_force_b': False, 'method': 'primal_line_search_N_1_AGDA', 'pjx': False, 'pjy': True}
positive number of yi(batch): 6000 max y_i: 0.0001666564941406254 min y_i: 0.0001666564941406254
positive number of yi(total): 6000 max y_i: 0.0001666564941406254 min y_i: 0.0001666564941406254
-----------------------------------------------------------------------------------------------


-----------------------------------------------------------------------------------------------
Total Complexity:
sim times: 0 iter: 4239 epoch: 4239.0 OC: 25434000.0 SC: 25434000
Current Complexity:
iter: 1100 epoch: 1100.0 OC: 6600000.0 SC: 6600000
Iterates Info:
acc: 1.0 , loss: 0.00023020597582056583 , primalF: 0.00023020597582056642
||sto grad_x||^2: 1.0529352506389941e-06 ||sto grad_y||^2: 4.583703983483424e-36
||true grad_x||^2: 1.0529352506389941e-06 ||true grad_y||^2: 4.583703983483424e-36
lr_x: 0.33549897215637076 , lr_y: 31.381059609
mu: 0.01 , kappa: 10
{'lr_x': 0.33549897215637076, 'lr_y': 31.381059609, 'b': 6000, 'eps': tensor(0.2100, device='cuda:0', grad_fn=<PowBackward0>), 'N': 1, 'K': 3000, 'real_K': 3000, 'L': 0.03186635545324935, 'mu': 0.01, 'std_x': 0.0, 'std_y': 0.0, 'is_force_b': False, 'method': 'primal_line_search_N_1_AGDA', 'pjx': False, 'pjy': True}
positive number of yi(batch): 6000 max y_i: 0.00016665649414062452 min y_i: 0.00016665649414062452
positive number of yi(total): 6000 max y_i: 0.00016665649414062452 min y_i: 0.00016665649414062452
-----------------------------------------------------------------------------------------------


-----------------------------------------------------------------------------------------------
Total Complexity:
sim times: 0 iter: 4289 epoch: 4289.0 OC: 25734000.0 SC: 25734000
Current Complexity:
iter: 1150 epoch: 1150.0 OC: 6900000.0 SC: 6900000
Iterates Info:
acc: 1.0 , loss: 0.00021368123954183086 , primalF: 0.00021368123954183032
||sto grad_x||^2: 9.201981683839303e-07 ||sto grad_y||^2: 0.0
||true grad_x||^2: 9.201981683839303e-07 ||true grad_y||^2: 4.583703983483424e-36
lr_x: 0.33549897215637076 , lr_y: 31.381059609
mu: 0.01 , kappa: 10
{'lr_x': 0.33549897215637076, 'lr_y': 31.381059609, 'b': 6000, 'eps': tensor(0.2100, device='cuda:0', grad_fn=<PowBackward0>), 'N': 1, 'K': 3000, 'real_K': 3000, 'L': 0.03186635545324935, 'mu': 0.01, 'std_x': 0.0, 'std_y': 0.0, 'is_force_b': False, 'method': 'primal_line_search_N_1_AGDA', 'pjx': False, 'pjy': True}
positive number of yi(batch): 6000 max y_i: 0.0001666564941406254 min y_i: 0.0001666564941406254
positive number of yi(total): 6000 max y_i: 0.0001666564941406254 min y_i: 0.0001666564941406254
-----------------------------------------------------------------------------------------------


-----------------------------------------------------------------------------------------------
Total Complexity:
sim times: 0 iter: 4339 epoch: 4339.0 OC: 26034000.0 SC: 26034000
Current Complexity:
iter: 1200 epoch: 1200.0 OC: 7200000.0 SC: 7200000
Iterates Info:
acc: 1.0 , loss: 0.0001991856889193868 , primalF: 0.0001991856889193863
||sto grad_x||^2: 8.102969175388045e-07 ||sto grad_y||^2: 4.583703983483424e-36
||true grad_x||^2: 8.102969175388045e-07 ||true grad_y||^2: 0.0
lr_x: 0.33549897215637076 , lr_y: 31.381059609
mu: 0.01 , kappa: 10
{'lr_x': 0.33549897215637076, 'lr_y': 31.381059609, 'b': 6000, 'eps': tensor(0.2100, device='cuda:0', grad_fn=<PowBackward0>), 'N': 1, 'K': 3000, 'real_K': 3000, 'L': 0.03186635545324935, 'mu': 0.01, 'std_x': 0.0, 'std_y': 0.0, 'is_force_b': False, 'method': 'primal_line_search_N_1_AGDA', 'pjx': False, 'pjy': True}
positive number of yi(batch): 6000 max y_i: 0.0001666564941406254 min y_i: 0.0001666564941406254
positive number of yi(total): 6000 max y_i: 0.0001666564941406254 min y_i: 0.0001666564941406254
-----------------------------------------------------------------------------------------------


-----------------------------------------------------------------------------------------------
Total Complexity:
sim times: 0 iter: 4389 epoch: 4389.0 OC: 26334000.0 SC: 26334000
Current Complexity:
iter: 1250 epoch: 1250.0 OC: 7500000.0 SC: 7500000
Iterates Info:
acc: 1.0 , loss: 0.00018637868337841571 , primalF: 0.0001863786833784152
||sto grad_x||^2: 7.183629894164421e-07 ||sto grad_y||^2: 4.583703983483424e-36
||true grad_x||^2: 7.183629894164421e-07 ||true grad_y||^2: 0.0
lr_x: 0.33549897215637076 , lr_y: 31.381059609
mu: 0.01 , kappa: 10
{'lr_x': 0.33549897215637076, 'lr_y': 31.381059609, 'b': 6000, 'eps': tensor(0.2100, device='cuda:0', grad_fn=<PowBackward0>), 'N': 1, 'K': 3000, 'real_K': 3000, 'L': 0.03186635545324935, 'mu': 0.01, 'std_x': 0.0, 'std_y': 0.0, 'is_force_b': False, 'method': 'primal_line_search_N_1_AGDA', 'pjx': False, 'pjy': True}
positive number of yi(batch): 6000 max y_i: 0.0001666564941406254 min y_i: 0.0001666564941406254
positive number of yi(total): 6000 max y_i: 0.0001666564941406254 min y_i: 0.0001666564941406254
-----------------------------------------------------------------------------------------------


-----------------------------------------------------------------------------------------------
Total Complexity:
sim times: 0 iter: 4439 epoch: 4439.0 OC: 26634000.0 SC: 26634000
Current Complexity:
iter: 1300 epoch: 1300.0 OC: 7800000.0 SC: 7800000
Iterates Info:
acc: 1.0 , loss: 0.00017499055829366906 , primalF: 0.00017499055829366879
||sto grad_x||^2: 6.407467350186397e-07 ||sto grad_y||^2: 0.0
||true grad_x||^2: 6.407467350186397e-07 ||true grad_y||^2: 4.583703983483424e-36
lr_x: 0.33549897215637076 , lr_y: 31.381059609
mu: 0.01 , kappa: 10
{'lr_x': 0.33549897215637076, 'lr_y': 31.381059609, 'b': 6000, 'eps': tensor(0.2100, device='cuda:0', grad_fn=<PowBackward0>), 'N': 1, 'K': 3000, 'real_K': 3000, 'L': 0.03186635545324935, 'mu': 0.01, 'std_x': 0.0, 'std_y': 0.0, 'is_force_b': False, 'method': 'primal_line_search_N_1_AGDA', 'pjx': False, 'pjy': True}
positive number of yi(batch): 6000 max y_i: 0.0001666564941406254 min y_i: 0.0001666564941406254
positive number of yi(total): 6000 max y_i: 0.0001666564941406254 min y_i: 0.0001666564941406254
-----------------------------------------------------------------------------------------------


-----------------------------------------------------------------------------------------------
Total Complexity:
sim times: 0 iter: 4489 epoch: 4489.0 OC: 26934000.0 SC: 26934000
Current Complexity:
iter: 1350 epoch: 1350.0 OC: 8100000.0 SC: 8100000
Iterates Info:
acc: 1.0 , loss: 0.0001648052245286517 , primalF: 0.00016480522452865215
||sto grad_x||^2: 5.746712399947485e-07 ||sto grad_y||^2: 4.583703983483424e-36
||true grad_x||^2: 5.746712399947485e-07 ||true grad_y||^2: 4.583703983483424e-36
lr_x: 0.33549897215637076 , lr_y: 31.381059609
mu: 0.01 , kappa: 10
{'lr_x': 0.33549897215637076, 'lr_y': 31.381059609, 'b': 6000, 'eps': tensor(0.2100, device='cuda:0', grad_fn=<PowBackward0>), 'N': 1, 'K': 3000, 'real_K': 3000, 'L': 0.03186635545324935, 'mu': 0.01, 'std_x': 0.0, 'std_y': 0.0, 'is_force_b': False, 'method': 'primal_line_search_N_1_AGDA', 'pjx': False, 'pjy': True}
positive number of yi(batch): 6000 max y_i: 0.00016665649414062452 min y_i: 0.00016665649414062452
positive number of yi(total): 6000 max y_i: 0.00016665649414062452 min y_i: 0.00016665649414062452
-----------------------------------------------------------------------------------------------


-----------------------------------------------------------------------------------------------
Total Complexity:
sim times: 0 iter: 4539 epoch: 4539.0 OC: 27234000.0 SC: 27234000
Current Complexity:
iter: 1400 epoch: 1400.0 OC: 8400000.0 SC: 8400000
Iterates Info:
acc: 1.0 , loss: 0.00015564763304968404 , primalF: 0.00015564763304968363
||sto grad_x||^2: 5.179944014256022e-07 ||sto grad_y||^2: 0.0
||true grad_x||^2: 5.179944014256022e-07 ||true grad_y||^2: 0.0
lr_x: 0.33549897215637076 , lr_y: 31.381059609
mu: 0.01 , kappa: 10
{'lr_x': 0.33549897215637076, 'lr_y': 31.381059609, 'b': 6000, 'eps': tensor(0.2100, device='cuda:0', grad_fn=<PowBackward0>), 'N': 1, 'K': 3000, 'real_K': 3000, 'L': 0.03186635545324935, 'mu': 0.01, 'std_x': 0.0, 'std_y': 0.0, 'is_force_b': False, 'method': 'primal_line_search_N_1_AGDA', 'pjx': False, 'pjy': True}
positive number of yi(batch): 6000 max y_i: 0.0001666564941406254 min y_i: 0.0001666564941406254
positive number of yi(total): 6000 max y_i: 0.0001666564941406254 min y_i: 0.0001666564941406254
-----------------------------------------------------------------------------------------------


-----------------------------------------------------------------------------------------------
Total Complexity:
sim times: 0 iter: 4589 epoch: 4589.0 OC: 27534000.0 SC: 27534000
Current Complexity:
iter: 1450 epoch: 1450.0 OC: 8700000.0 SC: 8700000
Iterates Info:
acc: 1.0 , loss: 0.0001473745549242538 , primalF: 0.00014737455492425344
||sto grad_x||^2: 4.6904560427024186e-07 ||sto grad_y||^2: 0.0
||true grad_x||^2: 4.6904560427024186e-07 ||true grad_y||^2: 4.583703983483424e-36
lr_x: 0.33549897215637076 , lr_y: 31.381059609
mu: 0.01 , kappa: 10
{'lr_x': 0.33549897215637076, 'lr_y': 31.381059609, 'b': 6000, 'eps': tensor(0.2100, device='cuda:0', grad_fn=<PowBackward0>), 'N': 1, 'K': 3000, 'real_K': 3000, 'L': 0.03186635545324935, 'mu': 0.01, 'std_x': 0.0, 'std_y': 0.0, 'is_force_b': False, 'method': 'primal_line_search_N_1_AGDA', 'pjx': False, 'pjy': True}
positive number of yi(batch): 6000 max y_i: 0.0001666564941406254 min y_i: 0.0001666564941406254
positive number of yi(total): 6000 max y_i: 0.0001666564941406254 min y_i: 0.0001666564941406254
-----------------------------------------------------------------------------------------------


-----------------------------------------------------------------------------------------------
Total Complexity:
sim times: 0 iter: 4639 epoch: 4639.0 OC: 27834000.0 SC: 27834000
Current Complexity:
iter: 1500 epoch: 1500.0 OC: 9000000.0 SC: 9000000
Iterates Info:
acc: 1.0 , loss: 0.0001398677503085628 , primalF: 0.00013986775030856244
||sto grad_x||^2: 4.265035874040482e-07 ||sto grad_y||^2: 0.0
||true grad_x||^2: 4.265035874040482e-07 ||true grad_y||^2: 0.0
lr_x: 0.33549897215637076 , lr_y: 31.381059609
mu: 0.01 , kappa: 10
{'lr_x': 0.33549897215637076, 'lr_y': 31.381059609, 'b': 6000, 'eps': tensor(0.2100, device='cuda:0', grad_fn=<PowBackward0>), 'N': 1, 'K': 3000, 'real_K': 3000, 'L': 0.03186635545324935, 'mu': 0.01, 'std_x': 0.0, 'std_y': 0.0, 'is_force_b': False, 'method': 'primal_line_search_N_1_AGDA', 'pjx': False, 'pjy': True}
positive number of yi(batch): 6000 max y_i: 0.0001666564941406254 min y_i: 0.0001666564941406254
positive number of yi(total): 6000 max y_i: 0.0001666564941406254 min y_i: 0.0001666564941406254
-----------------------------------------------------------------------------------------------


-----------------------------------------------------------------------------------------------
Total Complexity:
sim times: 0 iter: 4689 epoch: 4689.0 OC: 28134000.0 SC: 28134000
Current Complexity:
iter: 1550 epoch: 1550.0 OC: 9300000.0 SC: 9300000
Iterates Info:
acc: 1.0 , loss: 0.00013302880990682253 , primalF: 0.00013302880990682218
||sto grad_x||^2: 3.893161725029329e-07 ||sto grad_y||^2: 0.0
||true grad_x||^2: 3.893161725029328e-07 ||true grad_y||^2: 0.0
lr_x: 0.33549897215637076 , lr_y: 31.381059609
mu: 0.01 , kappa: 10
{'lr_x': 0.33549897215637076, 'lr_y': 31.381059609, 'b': 6000, 'eps': tensor(0.2100, device='cuda:0', grad_fn=<PowBackward0>), 'N': 1, 'K': 3000, 'real_K': 3000, 'L': 0.03186635545324935, 'mu': 0.01, 'std_x': 0.0, 'std_y': 0.0, 'is_force_b': False, 'method': 'primal_line_search_N_1_AGDA', 'pjx': False, 'pjy': True}
positive number of yi(batch): 6000 max y_i: 0.0001666564941406254 min y_i: 0.0001666564941406254
positive number of yi(total): 6000 max y_i: 0.0001666564941406254 min y_i: 0.0001666564941406254
-----------------------------------------------------------------------------------------------


-----------------------------------------------------------------------------------------------
Total Complexity:
sim times: 0 iter: 4739 epoch: 4739.0 OC: 28434000.0 SC: 28434000
Current Complexity:
iter: 1600 epoch: 1600.0 OC: 9600000.0 SC: 9600000
Iterates Info:
acc: 1.0 , loss: 0.00012677519423321966 , primalF: 0.00012677519423321998
||sto grad_x||^2: 3.56636499109863e-07 ||sto grad_y||^2: 0.0
||true grad_x||^2: 3.56636499109863e-07 ||true grad_y||^2: 0.0
lr_x: 0.33549897215637076 , lr_y: 31.381059609
mu: 0.01 , kappa: 10
{'lr_x': 0.33549897215637076, 'lr_y': 31.381059609, 'b': 6000, 'eps': tensor(0.2100, device='cuda:0', grad_fn=<PowBackward0>), 'N': 1, 'K': 3000, 'real_K': 3000, 'L': 0.03186635545324935, 'mu': 0.01, 'std_x': 0.0, 'std_y': 0.0, 'is_force_b': False, 'method': 'primal_line_search_N_1_AGDA', 'pjx': False, 'pjy': True}
positive number of yi(batch): 6000 max y_i: 0.00016665649414062452 min y_i: 0.00016665649414062452
positive number of yi(total): 6000 max y_i: 0.00016665649414062452 min y_i: 0.00016665649414062452
-----------------------------------------------------------------------------------------------


-----------------------------------------------------------------------------------------------
Total Complexity:
sim times: 0 iter: 4789 epoch: 4789.0 OC: 28734000.0 SC: 28734000
Current Complexity:
iter: 1650 epoch: 1650.0 OC: 9900000.0 SC: 9900000
Iterates Info:
acc: 1.0 , loss: 0.00012103719343908968 , primalF: 0.00012103719343908986
||sto grad_x||^2: 3.277766121478682e-07 ||sto grad_y||^2: 0.0
||true grad_x||^2: 3.277766121478682e-07 ||true grad_y||^2: 0.0
lr_x: 0.33549897215637076 , lr_y: 31.381059609
mu: 0.01 , kappa: 10
{'lr_x': 0.33549897215637076, 'lr_y': 31.381059609, 'b': 6000, 'eps': tensor(0.2100, device='cuda:0', grad_fn=<PowBackward0>), 'N': 1, 'K': 3000, 'real_K': 3000, 'L': 0.03186635545324935, 'mu': 0.01, 'std_x': 0.0, 'std_y': 0.0, 'is_force_b': False, 'method': 'primal_line_search_N_1_AGDA', 'pjx': False, 'pjy': True}
positive number of yi(batch): 6000 max y_i: 0.00016665649414062495 min y_i: 0.00016665649414062495
positive number of yi(total): 6000 max y_i: 0.00016665649414062495 min y_i: 0.00016665649414062495
-----------------------------------------------------------------------------------------------


-----------------------------------------------------------------------------------------------
Total Complexity:
sim times: 0 iter: 4839 epoch: 4839.0 OC: 29034000.0 SC: 29034000
Current Complexity:
iter: 1700 epoch: 1700.0 OC: 10200000.0 SC: 10200000
Iterates Info:
acc: 1.0 , loss: 0.00011575555940652423 , primalF: 0.00011575555940652423
||sto grad_x||^2: 3.021736929556623e-07 ||sto grad_y||^2: 0.0
||true grad_x||^2: 3.021736929556623e-07 ||true grad_y||^2: 0.0
lr_x: 0.33549897215637076 , lr_y: 31.381059609
mu: 0.01 , kappa: 10
{'lr_x': 0.33549897215637076, 'lr_y': 31.381059609, 'b': 6000, 'eps': tensor(0.2100, device='cuda:0', grad_fn=<PowBackward0>), 'N': 1, 'K': 3000, 'real_K': 3000, 'L': 0.03186635545324935, 'mu': 0.01, 'std_x': 0.0, 'std_y': 0.0, 'is_force_b': False, 'method': 'primal_line_search_N_1_AGDA', 'pjx': False, 'pjy': True}
positive number of yi(batch): 6000 max y_i: 0.00016665649414062495 min y_i: 0.00016665649414062495
positive number of yi(total): 6000 max y_i: 0.00016665649414062495 min y_i: 0.00016665649414062495
-----------------------------------------------------------------------------------------------


-----------------------------------------------------------------------------------------------
Total Complexity:
sim times: 0 iter: 4889 epoch: 4889.0 OC: 29334000.0 SC: 29334000
Current Complexity:
iter: 1750 epoch: 1750.0 OC: 10500000.0 SC: 10500000
Iterates Info:
acc: 1.0 , loss: 0.00011087963222492335 , primalF: 0.0001108796322249235
||sto grad_x||^2: 2.7936381198085107e-07 ||sto grad_y||^2: 0.0
||true grad_x||^2: 2.7936381198085107e-07 ||true grad_y||^2: 0.0
lr_x: 0.33549897215637076 , lr_y: 31.381059609
mu: 0.01 , kappa: 10
{'lr_x': 0.33549897215637076, 'lr_y': 31.381059609, 'b': 6000, 'eps': tensor(0.2100, device='cuda:0', grad_fn=<PowBackward0>), 'N': 1, 'K': 3000, 'real_K': 3000, 'L': 0.03186635545324935, 'mu': 0.01, 'std_x': 0.0, 'std_y': 0.0, 'is_force_b': False, 'method': 'primal_line_search_N_1_AGDA', 'pjx': False, 'pjy': True}
positive number of yi(batch): 6000 max y_i: 0.00016665649414062495 min y_i: 0.00016665649414062495
positive number of yi(total): 6000 max y_i: 0.00016665649414062495 min y_i: 0.00016665649414062495
-----------------------------------------------------------------------------------------------


-----------------------------------------------------------------------------------------------
Total Complexity:
sim times: 0 iter: 4939 epoch: 4939.0 OC: 29634000.0 SC: 29634000
Current Complexity:
iter: 1800 epoch: 1800.0 OC: 10800000.0 SC: 10800000
Iterates Info:
acc: 1.0 , loss: 0.00010636585442643928 , primalF: 0.00010636585442643928
||sto grad_x||^2: 2.5896185784563857e-07 ||sto grad_y||^2: 0.0
||true grad_x||^2: 2.5896185784563857e-07 ||true grad_y||^2: 0.0
lr_x: 0.33549897215637076 , lr_y: 31.381059609
mu: 0.01 , kappa: 10
{'lr_x': 0.33549897215637076, 'lr_y': 31.381059609, 'b': 6000, 'eps': tensor(0.2100, device='cuda:0', grad_fn=<PowBackward0>), 'N': 1, 'K': 3000, 'real_K': 3000, 'L': 0.03186635545324935, 'mu': 0.01, 'std_x': 0.0, 'std_y': 0.0, 'is_force_b': False, 'method': 'primal_line_search_N_1_AGDA', 'pjx': False, 'pjy': True}
positive number of yi(batch): 6000 max y_i: 0.00016665649414062495 min y_i: 0.00016665649414062495
positive number of yi(total): 6000 max y_i: 0.00016665649414062495 min y_i: 0.00016665649414062495
-----------------------------------------------------------------------------------------------


-----------------------------------------------------------------------------------------------
Total Complexity:
sim times: 0 iter: 4989 epoch: 4989.0 OC: 29934000.0 SC: 29934000
Current Complexity:
iter: 1850 epoch: 1850.0 OC: 11100000.0 SC: 11100000
Iterates Info:
acc: 1.0 , loss: 0.00010217658675373693 , primalF: 0.00010217658675373693
||sto grad_x||^2: 2.4064586528707234e-07 ||sto grad_y||^2: 0.0
||true grad_x||^2: 2.4064586528707234e-07 ||true grad_y||^2: 0.0
lr_x: 0.33549897215637076 , lr_y: 31.381059609
mu: 0.01 , kappa: 10
{'lr_x': 0.33549897215637076, 'lr_y': 31.381059609, 'b': 6000, 'eps': tensor(0.2100, device='cuda:0', grad_fn=<PowBackward0>), 'N': 1, 'K': 3000, 'real_K': 3000, 'L': 0.03186635545324935, 'mu': 0.01, 'std_x': 0.0, 'std_y': 0.0, 'is_force_b': False, 'method': 'primal_line_search_N_1_AGDA', 'pjx': False, 'pjy': True}
positive number of yi(batch): 6000 max y_i: 0.00016665649414062495 min y_i: 0.00016665649414062495
positive number of yi(total): 6000 max y_i: 0.00016665649414062495 min y_i: 0.00016665649414062495
-----------------------------------------------------------------------------------------------


-----------------------------------------------------------------------------------------------
Total Complexity:
sim times: 0 iter: 5039 epoch: 5039.0 OC: 30234000.0 SC: 30234000
Current Complexity:
iter: 1900 epoch: 1900.0 OC: 11400000.0 SC: 11400000
Iterates Info:
acc: 1.0 , loss: 9.82791427289676e-05 , primalF: 9.827914272896775e-05
||sto grad_x||^2: 2.2414595558202717e-07 ||sto grad_y||^2: 0.0
||true grad_x||^2: 2.2414595558202717e-07 ||true grad_y||^2: 0.0
lr_x: 0.33549897215637076 , lr_y: 31.381059609
mu: 0.01 , kappa: 10
{'lr_x': 0.33549897215637076, 'lr_y': 31.381059609, 'b': 6000, 'eps': tensor(0.2100, device='cuda:0', grad_fn=<PowBackward0>), 'N': 1, 'K': 3000, 'real_K': 3000, 'L': 0.03186635545324935, 'mu': 0.01, 'std_x': 0.0, 'std_y': 0.0, 'is_force_b': False, 'method': 'primal_line_search_N_1_AGDA', 'pjx': False, 'pjy': True}
positive number of yi(batch): 6000 max y_i: 0.00016665649414062495 min y_i: 0.00016665649414062495
positive number of yi(total): 6000 max y_i: 0.00016665649414062495 min y_i: 0.00016665649414062495
-----------------------------------------------------------------------------------------------


-----------------------------------------------------------------------------------------------
Total Complexity:
sim times: 0 iter: 5089 epoch: 5089.0 OC: 30534000.0 SC: 30534000
Current Complexity:
iter: 1950 epoch: 1950.0 OC: 11700000.0 SC: 11700000
Iterates Info:
acc: 1.0 , loss: 9.464500685260842e-05 , primalF: 9.464500685260842e-05
||sto grad_x||^2: 2.0923373509707498e-07 ||sto grad_y||^2: 0.0
||true grad_x||^2: 2.0923373509707498e-07 ||true grad_y||^2: 0.0
lr_x: 0.33549897215637076 , lr_y: 31.381059609
mu: 0.01 , kappa: 10
{'lr_x': 0.33549897215637076, 'lr_y': 31.381059609, 'b': 6000, 'eps': tensor(0.2100, device='cuda:0', grad_fn=<PowBackward0>), 'N': 1, 'K': 3000, 'real_K': 3000, 'L': 0.03186635545324935, 'mu': 0.01, 'std_x': 0.0, 'std_y': 0.0, 'is_force_b': False, 'method': 'primal_line_search_N_1_AGDA', 'pjx': False, 'pjy': True}
positive number of yi(batch): 6000 max y_i: 0.00016665649414062495 min y_i: 0.00016665649414062495
positive number of yi(total): 6000 max y_i: 0.00016665649414062495 min y_i: 0.00016665649414062495
-----------------------------------------------------------------------------------------------


-----------------------------------------------------------------------------------------------
Total Complexity:
sim times: 0 iter: 5139 epoch: 5139.0 OC: 30834000.0 SC: 30834000
Current Complexity:
iter: 2000 epoch: 2000.0 OC: 12000000.0 SC: 12000000
Iterates Info:
acc: 1.0 , loss: 9.124919894193195e-05 , primalF: 9.124919894193195e-05
||sto grad_x||^2: 1.9571535698049574e-07 ||sto grad_y||^2: 0.0
||true grad_x||^2: 1.957153569804957e-07 ||true grad_y||^2: 0.0
lr_x: 0.33549897215637076 , lr_y: 31.381059609
mu: 0.01 , kappa: 10
{'lr_x': 0.33549897215637076, 'lr_y': 31.381059609, 'b': 6000, 'eps': tensor(0.2100, device='cuda:0', grad_fn=<PowBackward0>), 'N': 1, 'K': 3000, 'real_K': 3000, 'L': 0.03186635545324935, 'mu': 0.01, 'std_x': 0.0, 'std_y': 0.0, 'is_force_b': False, 'method': 'primal_line_search_N_1_AGDA', 'pjx': False, 'pjy': True}
positive number of yi(batch): 6000 max y_i: 0.00016665649414062495 min y_i: 0.00016665649414062495
positive number of yi(total): 6000 max y_i: 0.00016665649414062495 min y_i: 0.00016665649414062495
-----------------------------------------------------------------------------------------------


-----------------------------------------------------------------------------------------------
Total Complexity:
sim times: 0 iter: 5189 epoch: 5189.0 OC: 31134000.0 SC: 31134000
Current Complexity:
iter: 2050 epoch: 2050.0 OC: 12300000.0 SC: 12300000
Iterates Info:
acc: 1.0 , loss: 8.806974734749593e-05 , primalF: 8.806974734749593e-05
||sto grad_x||^2: 1.83425340485975e-07 ||sto grad_y||^2: 0.0
||true grad_x||^2: 1.8342534048597497e-07 ||true grad_y||^2: 0.0
lr_x: 0.33549897215637076 , lr_y: 31.381059609
mu: 0.01 , kappa: 10
{'lr_x': 0.33549897215637076, 'lr_y': 31.381059609, 'b': 6000, 'eps': tensor(0.2100, device='cuda:0', grad_fn=<PowBackward0>), 'N': 1, 'K': 3000, 'real_K': 3000, 'L': 0.03186635545324935, 'mu': 0.01, 'std_x': 0.0, 'std_y': 0.0, 'is_force_b': False, 'method': 'primal_line_search_N_1_AGDA', 'pjx': False, 'pjy': True}
positive number of yi(batch): 6000 max y_i: 0.00016665649414062495 min y_i: 0.00016665649414062495
positive number of yi(total): 6000 max y_i: 0.00016665649414062495 min y_i: 0.00016665649414062495
-----------------------------------------------------------------------------------------------


-----------------------------------------------------------------------------------------------
Total Complexity:
sim times: 0 iter: 5239 epoch: 5239.0 OC: 31434000.0 SC: 31434000
Current Complexity:
iter: 2100 epoch: 2100.0 OC: 12600000.0 SC: 12600000
Iterates Info:
acc: 1.0 , loss: 8.508725524298932e-05 , primalF: 8.508725524298932e-05
||sto grad_x||^2: 1.722217604946123e-07 ||sto grad_y||^2: 0.0
||true grad_x||^2: 1.722217604946123e-07 ||true grad_y||^2: 0.0
lr_x: 0.33549897215637076 , lr_y: 31.381059609
mu: 0.01 , kappa: 10
{'lr_x': 0.33549897215637076, 'lr_y': 31.381059609, 'b': 6000, 'eps': tensor(0.2100, device='cuda:0', grad_fn=<PowBackward0>), 'N': 1, 'K': 3000, 'real_K': 3000, 'L': 0.03186635545324935, 'mu': 0.01, 'std_x': 0.0, 'std_y': 0.0, 'is_force_b': False, 'method': 'primal_line_search_N_1_AGDA', 'pjx': False, 'pjy': True}
positive number of yi(batch): 6000 max y_i: 0.00016665649414062495 min y_i: 0.00016665649414062495
positive number of yi(total): 6000 max y_i: 0.00016665649414062495 min y_i: 0.00016665649414062495
-----------------------------------------------------------------------------------------------


-----------------------------------------------------------------------------------------------
Total Complexity:
sim times: 0 iter: 5289 epoch: 5289.0 OC: 31734000.0 SC: 31734000
Current Complexity:
iter: 2150 epoch: 2150.0 OC: 12900000.0 SC: 12900000
Iterates Info:
acc: 1.0 , loss: 8.228453728061988e-05 , primalF: 8.228453728061988e-05
||sto grad_x||^2: 1.6198247460348075e-07 ||sto grad_y||^2: 0.0
||true grad_x||^2: 1.6198247460348075e-07 ||true grad_y||^2: 0.0
lr_x: 0.33549897215637076 , lr_y: 31.381059609
mu: 0.01 , kappa: 10
{'lr_x': 0.33549897215637076, 'lr_y': 31.381059609, 'b': 6000, 'eps': tensor(0.2100, device='cuda:0', grad_fn=<PowBackward0>), 'N': 1, 'K': 3000, 'real_K': 3000, 'L': 0.03186635545324935, 'mu': 0.01, 'std_x': 0.0, 'std_y': 0.0, 'is_force_b': False, 'method': 'primal_line_search_N_1_AGDA', 'pjx': False, 'pjy': True}
positive number of yi(batch): 6000 max y_i: 0.00016665649414062495 min y_i: 0.00016665649414062495
positive number of yi(total): 6000 max y_i: 0.00016665649414062495 min y_i: 0.00016665649414062495
-----------------------------------------------------------------------------------------------


-----------------------------------------------------------------------------------------------
Total Complexity:
sim times: 0 iter: 5339 epoch: 5339.0 OC: 32034000.0 SC: 32034000
Current Complexity:
iter: 2200 epoch: 2200.0 OC: 13200000.0 SC: 13200000
Iterates Info:
acc: 1.0 , loss: 7.964631590180865e-05 , primalF: 7.964631590180865e-05
||sto grad_x||^2: 1.5260174191068858e-07 ||sto grad_y||^2: 0.0
||true grad_x||^2: 1.5260174191068858e-07 ||true grad_y||^2: 0.0
lr_x: 0.33549897215637076 , lr_y: 31.381059609
mu: 0.01 , kappa: 10
{'lr_x': 0.33549897215637076, 'lr_y': 31.381059609, 'b': 6000, 'eps': tensor(0.2100, device='cuda:0', grad_fn=<PowBackward0>), 'N': 1, 'K': 3000, 'real_K': 3000, 'L': 0.03186635545324935, 'mu': 0.01, 'std_x': 0.0, 'std_y': 0.0, 'is_force_b': False, 'method': 'primal_line_search_N_1_AGDA', 'pjx': False, 'pjy': True}
positive number of yi(batch): 6000 max y_i: 0.00016665649414062495 min y_i: 0.00016665649414062495
positive number of yi(total): 6000 max y_i: 0.00016665649414062495 min y_i: 0.00016665649414062495
-----------------------------------------------------------------------------------------------


-----------------------------------------------------------------------------------------------
Total Complexity:
sim times: 0 iter: 5389 epoch: 5389.0 OC: 32334000.0 SC: 32334000
Current Complexity:
iter: 2250 epoch: 2250.0 OC: 13500000.0 SC: 13500000
Iterates Info:
acc: 1.0 , loss: 7.715896914509689e-05 , primalF: 7.715896914509689e-05
||sto grad_x||^2: 1.4398784931336946e-07 ||sto grad_y||^2: 0.0
||true grad_x||^2: 1.4398784931336946e-07 ||true grad_y||^2: 0.0
lr_x: 0.33549897215637076 , lr_y: 31.381059609
mu: 0.01 , kappa: 10
{'lr_x': 0.33549897215637076, 'lr_y': 31.381059609, 'b': 6000, 'eps': tensor(0.2100, device='cuda:0', grad_fn=<PowBackward0>), 'N': 1, 'K': 3000, 'real_K': 3000, 'L': 0.03186635545324935, 'mu': 0.01, 'std_x': 0.0, 'std_y': 0.0, 'is_force_b': False, 'method': 'primal_line_search_N_1_AGDA', 'pjx': False, 'pjy': True}
positive number of yi(batch): 6000 max y_i: 0.00016665649414062495 min y_i: 0.00016665649414062495
positive number of yi(total): 6000 max y_i: 0.00016665649414062495 min y_i: 0.00016665649414062495
-----------------------------------------------------------------------------------------------


-----------------------------------------------------------------------------------------------
Total Complexity:
sim times: 0 iter: 5439 epoch: 5439.0 OC: 32634000.0 SC: 32634000
Current Complexity:
iter: 2300 epoch: 2300.0 OC: 13800000.0 SC: 13800000
Iterates Info:
acc: 1.0 , loss: 7.481031208502895e-05 , primalF: 7.481031208502895e-05
||sto grad_x||^2: 1.3606080608474496e-07 ||sto grad_y||^2: 0.0
||true grad_x||^2: 1.3606080608474499e-07 ||true grad_y||^2: 0.0
lr_x: 0.33549897215637076 , lr_y: 31.381059609
mu: 0.01 , kappa: 10
{'lr_x': 0.33549897215637076, 'lr_y': 31.381059609, 'b': 6000, 'eps': tensor(0.2100, device='cuda:0', grad_fn=<PowBackward0>), 'N': 1, 'K': 3000, 'real_K': 3000, 'L': 0.03186635545324935, 'mu': 0.01, 'std_x': 0.0, 'std_y': 0.0, 'is_force_b': False, 'method': 'primal_line_search_N_1_AGDA', 'pjx': False, 'pjy': True}
positive number of yi(batch): 6000 max y_i: 0.00016665649414062495 min y_i: 0.00016665649414062495
positive number of yi(total): 6000 max y_i: 0.00016665649414062495 min y_i: 0.00016665649414062495
-----------------------------------------------------------------------------------------------


-----------------------------------------------------------------------------------------------
Total Complexity:
sim times: 0 iter: 5489 epoch: 5489.0 OC: 32934000.0 SC: 32934000
Current Complexity:
iter: 2350 epoch: 2350.0 OC: 14100000.0 SC: 14100000
Iterates Info:
acc: 1.0 , loss: 7.258941682084048e-05 , primalF: 7.258941682084048e-05
||sto grad_x||^2: 1.2875068511511951e-07 ||sto grad_y||^2: 0.0
||true grad_x||^2: 1.2875068511511951e-07 ||true grad_y||^2: 0.0
lr_x: 0.33549897215637076 , lr_y: 31.381059609
mu: 0.01 , kappa: 10
{'lr_x': 0.33549897215637076, 'lr_y': 31.381059609, 'b': 6000, 'eps': tensor(0.2100, device='cuda:0', grad_fn=<PowBackward0>), 'N': 1, 'K': 3000, 'real_K': 3000, 'L': 0.03186635545324935, 'mu': 0.01, 'std_x': 0.0, 'std_y': 0.0, 'is_force_b': False, 'method': 'primal_line_search_N_1_AGDA', 'pjx': False, 'pjy': True}
positive number of yi(batch): 6000 max y_i: 0.00016665649414062495 min y_i: 0.00016665649414062495
positive number of yi(total): 6000 max y_i: 0.00016665649414062495 min y_i: 0.00016665649414062495
-----------------------------------------------------------------------------------------------


-----------------------------------------------------------------------------------------------
Total Complexity:
sim times: 0 iter: 5539 epoch: 5539.0 OC: 33234000.0 SC: 33234000
Current Complexity:
iter: 2400 epoch: 2400.0 OC: 14400000.0 SC: 14400000
Iterates Info:
acc: 1.0 , loss: 7.048645561631261e-05 , primalF: 7.048645561631261e-05
||sto grad_x||^2: 1.2199603428494794e-07 ||sto grad_y||^2: 0.0
||true grad_x||^2: 1.2199603428494794e-07 ||true grad_y||^2: 0.0
lr_x: 0.33549897215637076 , lr_y: 31.381059609
mu: 0.01 , kappa: 10
{'lr_x': 0.33549897215637076, 'lr_y': 31.381059609, 'b': 6000, 'eps': tensor(0.2100, device='cuda:0', grad_fn=<PowBackward0>), 'N': 1, 'K': 3000, 'real_K': 3000, 'L': 0.03186635545324935, 'mu': 0.01, 'std_x': 0.0, 'std_y': 0.0, 'is_force_b': False, 'method': 'primal_line_search_N_1_AGDA', 'pjx': False, 'pjy': True}
positive number of yi(batch): 6000 max y_i: 0.00016665649414062495 min y_i: 0.00016665649414062495
positive number of yi(total): 6000 max y_i: 0.00016665649414062495 min y_i: 0.00016665649414062495
-----------------------------------------------------------------------------------------------


-----------------------------------------------------------------------------------------------
Total Complexity:
sim times: 0 iter: 5589 epoch: 5589.0 OC: 33534000.0 SC: 33534000
Current Complexity:
iter: 2450 epoch: 2450.0 OC: 14700000.0 SC: 14700000
Iterates Info:
acc: 1.0 , loss: 6.849256748668127e-05 , primalF: 6.849256748668127e-05
||sto grad_x||^2: 1.1574298417093002e-07 ||sto grad_y||^2: 0.0
||true grad_x||^2: 1.1574298417093006e-07 ||true grad_y||^2: 0.0
lr_x: 0.33549897215637076 , lr_y: 31.381059609
mu: 0.01 , kappa: 10
{'lr_x': 0.33549897215637076, 'lr_y': 31.381059609, 'b': 6000, 'eps': tensor(0.2100, device='cuda:0', grad_fn=<PowBackward0>), 'N': 1, 'K': 3000, 'real_K': 3000, 'L': 0.03186635545324935, 'mu': 0.01, 'std_x': 0.0, 'std_y': 0.0, 'is_force_b': False, 'method': 'primal_line_search_N_1_AGDA', 'pjx': False, 'pjy': True}
positive number of yi(batch): 6000 max y_i: 0.00016665649414062495 min y_i: 0.00016665649414062495
positive number of yi(total): 6000 max y_i: 0.00016665649414062495 min y_i: 0.00016665649414062495
-----------------------------------------------------------------------------------------------


-----------------------------------------------------------------------------------------------
Total Complexity:
sim times: 0 iter: 5639 epoch: 5639.0 OC: 33834000.0 SC: 33834000
Current Complexity:
iter: 2500 epoch: 2500.0 OC: 15000000.0 SC: 15000000
Iterates Info:
acc: 1.0 , loss: 6.659974197771816e-05 , primalF: 6.659974197771816e-05
||sto grad_x||^2: 1.099438780292365e-07 ||sto grad_y||^2: 0.0
||true grad_x||^2: 1.099438780292365e-07 ||true grad_y||^2: 0.0
lr_x: 0.33549897215637076 , lr_y: 31.381059609
mu: 0.01 , kappa: 10
{'lr_x': 0.33549897215637076, 'lr_y': 31.381059609, 'b': 6000, 'eps': tensor(0.2100, device='cuda:0', grad_fn=<PowBackward0>), 'N': 1, 'K': 3000, 'real_K': 3000, 'L': 0.03186635545324935, 'mu': 0.01, 'std_x': 0.0, 'std_y': 0.0, 'is_force_b': False, 'method': 'primal_line_search_N_1_AGDA', 'pjx': False, 'pjy': True}
positive number of yi(batch): 6000 max y_i: 0.00016665649414062495 min y_i: 0.00016665649414062495
positive number of yi(total): 6000 max y_i: 0.00016665649414062495 min y_i: 0.00016665649414062495
-----------------------------------------------------------------------------------------------


-----------------------------------------------------------------------------------------------
Total Complexity:
sim times: 0 iter: 5689 epoch: 5689.0 OC: 34134000.0 SC: 34134000
Current Complexity:
iter: 2550 epoch: 2550.0 OC: 15300000.0 SC: 15300000
Iterates Info:
acc: 1.0 , loss: 6.480072171048828e-05 , primalF: 6.480072171048828e-05
||sto grad_x||^2: 1.0455653533796941e-07 ||sto grad_y||^2: 0.0
||true grad_x||^2: 1.0455653533796941e-07 ||true grad_y||^2: 0.0
lr_x: 0.33549897215637076 , lr_y: 31.381059609
mu: 0.01 , kappa: 10
{'lr_x': 0.33549897215637076, 'lr_y': 31.381059609, 'b': 6000, 'eps': tensor(0.2100, device='cuda:0', grad_fn=<PowBackward0>), 'N': 1, 'K': 3000, 'real_K': 3000, 'L': 0.03186635545324935, 'mu': 0.01, 'std_x': 0.0, 'std_y': 0.0, 'is_force_b': False, 'method': 'primal_line_search_N_1_AGDA', 'pjx': False, 'pjy': True}
positive number of yi(batch): 6000 max y_i: 0.00016665649414062495 min y_i: 0.00016665649414062495
positive number of yi(total): 6000 max y_i: 0.00016665649414062495 min y_i: 0.00016665649414062495
-----------------------------------------------------------------------------------------------


-----------------------------------------------------------------------------------------------
Total Complexity:
sim times: 0 iter: 5739 epoch: 5739.0 OC: 34434000.0 SC: 34434000
Current Complexity:
iter: 2600 epoch: 2600.0 OC: 15600000.0 SC: 15600000
Iterates Info:
acc: 1.0 , loss: 6.308891624649993e-05 , primalF: 6.308891624649993e-05
||sto grad_x||^2: 9.954347828686884e-08 ||sto grad_y||^2: 0.0
||true grad_x||^2: 9.954347828686884e-08 ||true grad_y||^2: 0.0
lr_x: 0.33549897215637076 , lr_y: 31.381059609
mu: 0.01 , kappa: 10
{'lr_x': 0.33549897215637076, 'lr_y': 31.381059609, 'b': 6000, 'eps': tensor(0.2100, device='cuda:0', grad_fn=<PowBackward0>), 'N': 1, 'K': 3000, 'real_K': 3000, 'L': 0.03186635545324935, 'mu': 0.01, 'std_x': 0.0, 'std_y': 0.0, 'is_force_b': False, 'method': 'primal_line_search_N_1_AGDA', 'pjx': False, 'pjy': True}
positive number of yi(batch): 6000 max y_i: 0.00016665649414062495 min y_i: 0.00016665649414062495
positive number of yi(total): 6000 max y_i: 0.00016665649414062495 min y_i: 0.00016665649414062495
-----------------------------------------------------------------------------------------------


-----------------------------------------------------------------------------------------------
Total Complexity:
sim times: 0 iter: 5789 epoch: 5789.0 OC: 34734000.0 SC: 34734000
Current Complexity:
iter: 2650 epoch: 2650.0 OC: 15900000.0 SC: 15900000
Iterates Info:
acc: 1.0 , loss: 6.145832979253033e-05 , primalF: 6.145832979253033e-05
||sto grad_x||^2: 9.487138765940118e-08 ||sto grad_y||^2: 0.0
||true grad_x||^2: 9.487138765940118e-08 ||true grad_y||^2: 0.0
lr_x: 0.33549897215637076 , lr_y: 31.381059609
mu: 0.01 , kappa: 10
{'lr_x': 0.33549897215637076, 'lr_y': 31.381059609, 'b': 6000, 'eps': tensor(0.2100, device='cuda:0', grad_fn=<PowBackward0>), 'N': 1, 'K': 3000, 'real_K': 3000, 'L': 0.03186635545324935, 'mu': 0.01, 'std_x': 0.0, 'std_y': 0.0, 'is_force_b': False, 'method': 'primal_line_search_N_1_AGDA', 'pjx': False, 'pjy': True}
positive number of yi(batch): 6000 max y_i: 0.00016665649414062495 min y_i: 0.00016665649414062495
positive number of yi(total): 6000 max y_i: 0.00016665649414062495 min y_i: 0.00016665649414062495
-----------------------------------------------------------------------------------------------


-----------------------------------------------------------------------------------------------
Total Complexity:
sim times: 0 iter: 5839 epoch: 5839.0 OC: 35034000.0 SC: 35034000
Current Complexity:
iter: 2700 epoch: 2700.0 OC: 16200000.0 SC: 16200000
Iterates Info:
acc: 1.0 , loss: 5.99034927277837e-05 , primalF: 5.99034927277837e-05
||sto grad_x||^2: 9.051066165653128e-08 ||sto grad_y||^2: 0.0
||true grad_x||^2: 9.051066165653128e-08 ||true grad_y||^2: 0.0
lr_x: 0.33549897215637076 , lr_y: 31.381059609
mu: 0.01 , kappa: 10
{'lr_x': 0.33549897215637076, 'lr_y': 31.381059609, 'b': 6000, 'eps': tensor(0.2100, device='cuda:0', grad_fn=<PowBackward0>), 'N': 1, 'K': 3000, 'real_K': 3000, 'L': 0.03186635545324935, 'mu': 0.01, 'std_x': 0.0, 'std_y': 0.0, 'is_force_b': False, 'method': 'primal_line_search_N_1_AGDA', 'pjx': False, 'pjy': True}
positive number of yi(batch): 6000 max y_i: 0.00016665649414062495 min y_i: 0.00016665649414062495
positive number of yi(total): 6000 max y_i: 0.00016665649414062495 min y_i: 0.00016665649414062495
-----------------------------------------------------------------------------------------------


-----------------------------------------------------------------------------------------------
Total Complexity:
sim times: 0 iter: 5889 epoch: 5889.0 OC: 35334000.0 SC: 35334000
Current Complexity:
iter: 2750 epoch: 2750.0 OC: 16500000.0 SC: 16500000
Iterates Info:
acc: 1.0 , loss: 5.8419407246135656e-05 , primalF: 5.8419407246135656e-05
||sto grad_x||^2: 8.643464113774695e-08 ||sto grad_y||^2: 0.0
||true grad_x||^2: 8.643464113774695e-08 ||true grad_y||^2: 0.0
lr_x: 0.33549897215637076 , lr_y: 31.381059609
mu: 0.01 , kappa: 10
{'lr_x': 0.33549897215637076, 'lr_y': 31.381059609, 'b': 6000, 'eps': tensor(0.2100, device='cuda:0', grad_fn=<PowBackward0>), 'N': 1, 'K': 3000, 'real_K': 3000, 'L': 0.03186635545324935, 'mu': 0.01, 'std_x': 0.0, 'std_y': 0.0, 'is_force_b': False, 'method': 'primal_line_search_N_1_AGDA', 'pjx': False, 'pjy': True}
positive number of yi(batch): 6000 max y_i: 0.00016665649414062495 min y_i: 0.00016665649414062495
positive number of yi(total): 6000 max y_i: 0.00016665649414062495 min y_i: 0.00016665649414062495
-----------------------------------------------------------------------------------------------


-----------------------------------------------------------------------------------------------
Total Complexity:
sim times: 0 iter: 5939 epoch: 5939.0 OC: 35634000.0 SC: 35634000
Current Complexity:
iter: 2800 epoch: 2800.0 OC: 16800000.0 SC: 16800000
Iterates Info:
acc: 1.0 , loss: 5.700149902479128e-05 , primalF: 5.700149902479128e-05
||sto grad_x||^2: 8.261951131245078e-08 ||sto grad_y||^2: 0.0
||true grad_x||^2: 8.261951131245078e-08 ||true grad_y||^2: 0.0
lr_x: 0.33549897215637076 , lr_y: 31.381059609
mu: 0.01 , kappa: 10
{'lr_x': 0.33549897215637076, 'lr_y': 31.381059609, 'b': 6000, 'eps': tensor(0.2100, device='cuda:0', grad_fn=<PowBackward0>), 'N': 1, 'K': 3000, 'real_K': 3000, 'L': 0.03186635545324935, 'mu': 0.01, 'std_x': 0.0, 'std_y': 0.0, 'is_force_b': False, 'method': 'primal_line_search_N_1_AGDA', 'pjx': False, 'pjy': True}
positive number of yi(batch): 6000 max y_i: 0.00016665649414062495 min y_i: 0.00016665649414062495
positive number of yi(total): 6000 max y_i: 0.00016665649414062495 min y_i: 0.00016665649414062495
-----------------------------------------------------------------------------------------------


-----------------------------------------------------------------------------------------------
Total Complexity:
sim times: 0 iter: 5989 epoch: 5989.0 OC: 35934000.0 SC: 35934000
Current Complexity:
iter: 2850 epoch: 2850.0 OC: 17100000.0 SC: 17100000
Iterates Info:
acc: 1.0 , loss: 5.5645572395000626e-05 , primalF: 5.564557239500054e-05
||sto grad_x||^2: 7.90438706715897e-08 ||sto grad_y||^2: 0.0
||true grad_x||^2: 7.90438706715897e-08 ||true grad_y||^2: 0.0
lr_x: 0.33549897215637076 , lr_y: 31.381059609
mu: 0.01 , kappa: 10
{'lr_x': 0.33549897215637076, 'lr_y': 31.381059609, 'b': 6000, 'eps': tensor(0.2100, device='cuda:0', grad_fn=<PowBackward0>), 'N': 1, 'K': 3000, 'real_K': 3000, 'L': 0.03186635545324935, 'mu': 0.01, 'std_x': 0.0, 'std_y': 0.0, 'is_force_b': False, 'method': 'primal_line_search_N_1_AGDA', 'pjx': False, 'pjy': True}
positive number of yi(batch): 6000 max y_i: 0.00016665649414062517 min y_i: 0.00016665649414062517
positive number of yi(total): 6000 max y_i: 0.00016665649414062517 min y_i: 0.00016665649414062517
-----------------------------------------------------------------------------------------------


-----------------------------------------------------------------------------------------------
Total Complexity:
sim times: 0 iter: 6039 epoch: 6039.0 OC: 36234000.0 SC: 36234000
Current Complexity:
iter: 2900 epoch: 2900.0 OC: 17400000.0 SC: 17400000
Iterates Info:
acc: 1.0 , loss: 5.4347773054130766e-05 , primalF: 5.4347773054130766e-05
||sto grad_x||^2: 7.568841033365701e-08 ||sto grad_y||^2: 2.86481498967714e-37
||true grad_x||^2: 7.568841033365701e-08 ||true grad_y||^2: 2.86481498967714e-37
lr_x: 0.33549897215637076 , lr_y: 31.381059609
mu: 0.01 , kappa: 10
{'lr_x': 0.33549897215637076, 'lr_y': 31.381059609, 'b': 6000, 'eps': tensor(0.2100, device='cuda:0', grad_fn=<PowBackward0>), 'N': 1, 'K': 3000, 'real_K': 3000, 'L': 0.03186635545324935, 'mu': 0.01, 'std_x': 0.0, 'std_y': 0.0, 'is_force_b': False, 'method': 'primal_line_search_N_1_AGDA', 'pjx': False, 'pjy': True}
positive number of yi(batch): 6000 max y_i: 0.00016665649414062495 min y_i: 0.00016665649414062495
positive number of yi(total): 6000 max y_i: 0.00016665649414062495 min y_i: 0.00016665649414062495
-----------------------------------------------------------------------------------------------


-----------------------------------------------------------------------------------------------
Total Complexity:
sim times: 0 iter: 6089 epoch: 6089.0 OC: 36534000.0 SC: 36534000
Current Complexity:
iter: 2950 epoch: 2950.0 OC: 17700000.0 SC: 17700000
Iterates Info:
acc: 1.0 , loss: 5.310455456974074e-05 , primalF: 5.310455456974074e-05
||sto grad_x||^2: 7.253571754609464e-08 ||sto grad_y||^2: 2.86481498967714e-37
||true grad_x||^2: 7.253571754609464e-08 ||true grad_y||^2: 2.86481498967714e-37
lr_x: 0.33549897215637076 , lr_y: 31.381059609
mu: 0.01 , kappa: 10
{'lr_x': 0.33549897215637076, 'lr_y': 31.381059609, 'b': 6000, 'eps': tensor(0.2100, device='cuda:0', grad_fn=<PowBackward0>), 'N': 1, 'K': 3000, 'real_K': 3000, 'L': 0.03186635545324935, 'mu': 0.01, 'std_x': 0.0, 'std_y': 0.0, 'is_force_b': False, 'method': 'primal_line_search_N_1_AGDA', 'pjx': False, 'pjy': True}
positive number of yi(batch): 6000 max y_i: 0.00016665649414062495 min y_i: 0.00016665649414062495
positive number of yi(total): 6000 max y_i: 0.00016665649414062495 min y_i: 0.00016665649414062495
-----------------------------------------------------------------------------------------------


-----------------------------------------------------------------------------------------------
Total Complexity:
sim times: 0 iter: 6139 epoch: 6139.0 OC: 36834000.0 SC: 36834000
Current Complexity:
iter: 3000 epoch: 3000.0 OC: 18000000.0 SC: 18000000
Iterates Info:
acc: 1.0 , loss: 5.191264839393354e-05 , primalF: 5.191264839393354e-05
||sto grad_x||^2: 6.957005191399898e-08 ||sto grad_y||^2: 0.0
||true grad_x||^2: 6.957005191399898e-08 ||true grad_y||^2: 0.0
lr_x: 0.33549897215637076 , lr_y: 31.381059609
mu: 0.01 , kappa: 10
{'lr_x': 0.33549897215637076, 'lr_y': 31.381059609, 'b': 6000, 'eps': tensor(0.2100, device='cuda:0', grad_fn=<PowBackward0>), 'N': 1, 'K': 3000, 'real_K': 3000, 'L': 0.03186635545324935, 'mu': 0.01, 'std_x': 0.0, 'std_y': 0.0, 'is_force_b': False, 'method': 'primal_line_search_N_1_AGDA', 'pjx': False, 'pjy': True}
positive number of yi(batch): 6000 max y_i: 0.00016665649414062495 min y_i: 0.00016665649414062495
positive number of yi(total): 6000 max y_i: 0.00016665649414062495 min y_i: 0.00016665649414062495
-----------------------------------------------------------------------------------------------


Contraction 10 successes!!! Gap=-0.004119361933592154, lcondition=6.957005191399898e-08, rcondition=0.004119431503644068, Phi0=0.6932174911522168, Phik=5.191264839393354e-05

Phi0 = 0.6941221803288574
-----------------------------------------------------------------------------------------------
Total Complexity:
sim times: 1 iter: 0 epoch: 0 OC: 0 SC: 0
Current Complexity:
iter: 0 epoch: 0 OC: 0 SC: 0
Iterates Info:
acc: 0.5015 , loss: 0.6941221803288574 , primalF: 0.6941221803288574
||sto grad_x||^2: 0.11408518140966989 ||sto grad_y||^2: 9.349462580397175e-30
||true grad_x||^2: 0.11408518140966989 ||true grad_y||^2: 9.349462580397175e-30
lr_x: 7.9143619992218674 , lr_y: 90.0
mu: 0.01 , kappa: 10
{'lr_x': 7.9143619992218674, 'lr_y': 90.0, 'b': 6000, 'eps': tensor(0.0433, device='cuda:0', grad_fn=<PowBackward0>), 'N': 1, 'K': 3000, 'real_K': 3000, 'L': 0.011111111111111112, 'mu': 0.01, 'std_x': 0.0, 'std_y': 0.0, 'is_force_b': False, 'method': 'primal_line_search_N_1_AGDA', 'pjx': False, 'pjy': True}
positive number of yi(batch): 6000 max y_i: 0.00016665649414093764 min y_i: 0.00016665649414093764
positive number of yi(total): 6000 max y_i: 0.00016665649414093764 min y_i: 0.00016665649414093764
-----------------------------------------------------------------------------------------------


contraction 0 fails, the gap is nan
Phi0 = 0.6941221803288574
-----------------------------------------------------------------------------------------------
Total Complexity:
sim times: 1 iter: 4 epoch: 4.0 OC: 24000.0 SC: 24000
Current Complexity:
iter: 0 epoch: 0 OC: 0 SC: 0
Iterates Info:
acc: 0.5015 , loss: 0.6941221803288574 , primalF: 0.6941221803288574
||sto grad_x||^2: 0.11408518140966989 ||sto grad_y||^2: 1.1542546395552069e-29
||true grad_x||^2: 0.11408518140966989 ||true grad_y||^2: 1.1542546395552069e-29
lr_x: 5.769569897432742 , lr_y: 81.0
mu: 0.01 , kappa: 10
{'lr_x': 5.769569897432742, 'lr_y': 81.0, 'b': 6000, 'eps': tensor(0.0507, device='cuda:0', grad_fn=<PowBackward0>), 'N': 1, 'K': 3000, 'real_K': 3000, 'L': 0.012345679012345678, 'mu': 0.01, 'std_x': 0.0, 'std_y': 0.0, 'is_force_b': False, 'method': 'primal_line_search_N_1_AGDA', 'pjx': False, 'pjy': True}
positive number of yi(batch): 6000 max y_i: 0.00016665649414093764 min y_i: 0.00016665649414093764
positive number of yi(total): 6000 max y_i: 0.00016665649414093764 min y_i: 0.00016665649414093764
-----------------------------------------------------------------------------------------------


contraction 1 fails, the gap is nan
Phi0 = 0.6941221803288574
-----------------------------------------------------------------------------------------------
Total Complexity:
sim times: 1 iter: 8 epoch: 8.0 OC: 48000.0 SC: 48000
Current Complexity:
iter: 0 epoch: 0 OC: 0 SC: 0
Iterates Info:
acc: 0.5015 , loss: 0.6941221803288574 , primalF: 0.6941221803288574
||sto grad_x||^2: 0.11408518140966989 ||sto grad_y||^2: 1.4250057278459346e-29
||true grad_x||^2: 0.11408518140966989 ||true grad_y||^2: 1.4250057278459346e-29
lr_x: 4.20601645522847 , lr_y: 72.9
mu: 0.01 , kappa: 10
{'lr_x': 4.20601645522847, 'lr_y': 72.9, 'b': 6000, 'eps': tensor(0.0593, device='cuda:0', grad_fn=<PowBackward0>), 'N': 1, 'K': 3000, 'real_K': 3000, 'L': 0.013717421124828532, 'mu': 0.01, 'std_x': 0.0, 'std_y': 0.0, 'is_force_b': False, 'method': 'primal_line_search_N_1_AGDA', 'pjx': False, 'pjy': True}
positive number of yi(batch): 6000 max y_i: 0.00016665649414093764 min y_i: 0.00016665649414093764
positive number of yi(total): 6000 max y_i: 0.00016665649414093764 min y_i: 0.00016665649414093764
-----------------------------------------------------------------------------------------------


contraction 2 fails, the gap is nan
Phi0 = 0.6941221803288574
-----------------------------------------------------------------------------------------------
Total Complexity:
sim times: 1 iter: 13 epoch: 13.0 OC: 78000.0 SC: 78000
Current Complexity:
iter: 0 epoch: 0 OC: 0 SC: 0
Iterates Info:
acc: 0.5015 , loss: 0.6941221803288574 , primalF: 0.6941221803288574
||sto grad_x||^2: 0.11408518140966989 ||sto grad_y||^2: 1.759266330673994e-29
||true grad_x||^2: 0.11408518140966989 ||true grad_y||^2: 1.759266330673994e-29
lr_x: 3.066185995861554 , lr_y: 65.61
mu: 0.01 , kappa: 10
{'lr_x': 3.066185995861554, 'lr_y': 65.61, 'b': 6000, 'eps': tensor(0.0695, device='cuda:0', grad_fn=<PowBackward0>), 'N': 1, 'K': 3000, 'real_K': 3000, 'L': 0.015241579027587257, 'mu': 0.01, 'std_x': 0.0, 'std_y': 0.0, 'is_force_b': False, 'method': 'primal_line_search_N_1_AGDA', 'pjx': False, 'pjy': True}
positive number of yi(batch): 6000 max y_i: 0.00016665649414093764 min y_i: 0.00016665649414093764
positive number of yi(total): 6000 max y_i: 0.00016665649414093764 min y_i: 0.00016665649414093764
-----------------------------------------------------------------------------------------------


contraction 3 fails, the gap is nan
Phi0 = 0.6941221803288574
-----------------------------------------------------------------------------------------------
Total Complexity:
sim times: 1 iter: 19 epoch: 19.0 OC: 114000.0 SC: 114000
Current Complexity:
iter: 0 epoch: 0 OC: 0 SC: 0
Iterates Info:
acc: 0.5015 , loss: 0.6941221803288574 , primalF: 0.6941221803288574
||sto grad_x||^2: 0.11408518140966989 ||sto grad_y||^2: 2.1719337415728316e-29
||true grad_x||^2: 0.11408518140966989 ||true grad_y||^2: 2.1719337415728316e-29
lr_x: 2.2352495909830723 , lr_y: 59.049
mu: 0.01 , kappa: 10
{'lr_x': 2.2352495909830723, 'lr_y': 59.049, 'b': 6000, 'eps': tensor(0.0814, device='cuda:0', grad_fn=<PowBackward0>), 'N': 1, 'K': 3000, 'real_K': 3000, 'L': 0.016935087808430286, 'mu': 0.01, 'std_x': 0.0, 'std_y': 0.0, 'is_force_b': False, 'method': 'primal_line_search_N_1_AGDA', 'pjx': False, 'pjy': True}
positive number of yi(batch): 6000 max y_i: 0.00016665649414093764 min y_i: 0.00016665649414093764
positive number of yi(total): 6000 max y_i: 0.00016665649414093764 min y_i: 0.00016665649414093764
-----------------------------------------------------------------------------------------------


contraction 4 fails, the gap is nan
Phi0 = 0.6941221803288574
-----------------------------------------------------------------------------------------------
Total Complexity:
sim times: 1 iter: 26 epoch: 26.0 OC: 156000.0 SC: 156000
Current Complexity:
iter: 0 epoch: 0 OC: 0 SC: 0
Iterates Info:
acc: 0.5015 , loss: 0.6941221803288574 , primalF: 0.6941221803288574
||sto grad_x||^2: 0.11408518140966989 ||sto grad_y||^2: 2.681399680954113e-29
||true grad_x||^2: 0.11408518140966989 ||true grad_y||^2: 2.681399680954113e-29
lr_x: 1.62949695182666 , lr_y: 53.1441
mu: 0.01 , kappa: 10
{'lr_x': 1.62949695182666, 'lr_y': 53.1441, 'b': 6000, 'eps': tensor(0.0953, device='cuda:0', grad_fn=<PowBackward0>), 'N': 1, 'K': 3000, 'real_K': 3000, 'L': 0.018816764231589206, 'mu': 0.01, 'std_x': 0.0, 'std_y': 0.0, 'is_force_b': False, 'method': 'primal_line_search_N_1_AGDA', 'pjx': False, 'pjy': True}
positive number of yi(batch): 6000 max y_i: 0.00016665649414093764 min y_i: 0.00016665649414093764
positive number of yi(total): 6000 max y_i: 0.00016665649414093764 min y_i: 0.00016665649414093764
-----------------------------------------------------------------------------------------------


contraction 5 fails, the gap is nan
Phi0 = 0.6941221803288574
-----------------------------------------------------------------------------------------------
Total Complexity:
sim times: 1 iter: 32 epoch: 32.0 OC: 192000.0 SC: 192000
Current Complexity:
iter: 0 epoch: 0 OC: 0 SC: 0
Iterates Info:
acc: 0.5015 , loss: 0.6941221803288574 , primalF: 0.6941221803288574
||sto grad_x||^2: 0.11408518140966989 ||sto grad_y||^2: 3.3103699764865584e-29
||true grad_x||^2: 0.11408518140966989 ||true grad_y||^2: 3.3103699764865584e-29
lr_x: 1.1879032778816354 , lr_y: 47.82969000000001
mu: 0.01 , kappa: 10
{'lr_x': 1.1879032778816354, 'lr_y': 47.82969000000001, 'b': 6000, 'eps': tensor(0.1116, device='cuda:0', grad_fn=<PowBackward0>), 'N': 1, 'K': 3000, 'real_K': 3000, 'L': 0.020907515812876896, 'mu': 0.01, 'std_x': 0.0, 'std_y': 0.0, 'is_force_b': False, 'method': 'primal_line_search_N_1_AGDA', 'pjx': False, 'pjy': True}
positive number of yi(batch): 6000 max y_i: 0.00016665649414093764 min y_i: 0.00016665649414093764
positive number of yi(total): 6000 max y_i: 0.00016665649414093764 min y_i: 0.00016665649414093764
-----------------------------------------------------------------------------------------------


contraction 6 fails, the gap is nan
Phi0 = 0.6941221803288574
-----------------------------------------------------------------------------------------------
Total Complexity:
sim times: 1 iter: 39 epoch: 39.0 OC: 234000.0 SC: 234000
Current Complexity:
iter: 0 epoch: 0 OC: 0 SC: 0
Iterates Info:
acc: 0.5015 , loss: 0.6941221803288574 , primalF: 0.6941221803288574
||sto grad_x||^2: 0.11408518140966989 ||sto grad_y||^2: 0.0
||true grad_x||^2: 0.11408518140966989 ||true grad_y||^2: 0.0
lr_x: 0.8659814895757123 , lr_y: 43.046721000000005
mu: 0.01 , kappa: 10
{'lr_x': 0.8659814895757123, 'lr_y': 43.046721000000005, 'b': 6000, 'eps': tensor(0.1308, device='cuda:0', grad_fn=<PowBackward0>), 'N': 1, 'K': 3000, 'real_K': 3000, 'L': 0.023230573125418773, 'mu': 0.01, 'std_x': 0.0, 'std_y': 0.0, 'is_force_b': False, 'method': 'primal_line_search_N_1_AGDA', 'pjx': False, 'pjy': True}
positive number of yi(batch): 6000 max y_i: 0.00016665649414093764 min y_i: 0.00016665649414093764
positive number of yi(total): 6000 max y_i: 0.00016665649414093764 min y_i: 0.00016665649414093764
-----------------------------------------------------------------------------------------------


contraction 7 fails, the gap is nan
Phi0 = 0.6941221803288574
-----------------------------------------------------------------------------------------------
Total Complexity:
sim times: 1 iter: 48 epoch: 48.0 OC: 288000.0 SC: 288000
Current Complexity:
iter: 0 epoch: 0 OC: 0 SC: 0
Iterates Info:
acc: 0.5015 , loss: 0.6941221803288574 , primalF: 0.6941221803288574
||sto grad_x||^2: 0.11408518140966989 ||sto grad_y||^2: 0.0
||true grad_x||^2: 0.11408518140966989 ||true grad_y||^2: 0.0
lr_x: 0.6313005059006941 , lr_y: 38.7420489
mu: 0.01 , kappa: 10
{'lr_x': 0.6313005059006941, 'lr_y': 38.7420489, 'b': 6000, 'eps': tensor(0.1532, device='cuda:0', grad_fn=<PowBackward0>), 'N': 1, 'K': 3000, 'real_K': 3000, 'L': 0.02581174791713197, 'mu': 0.01, 'std_x': 0.0, 'std_y': 0.0, 'is_force_b': False, 'method': 'primal_line_search_N_1_AGDA', 'pjx': False, 'pjy': True}
positive number of yi(batch): 6000 max y_i: 0.00016665649414093764 min y_i: 0.00016665649414093764
positive number of yi(total): 6000 max y_i: 0.00016665649414093764 min y_i: 0.00016665649414093764
-----------------------------------------------------------------------------------------------


contraction 8 fails, the gap is nan
Phi0 = 0.6941221803288574
-----------------------------------------------------------------------------------------------
Total Complexity:
sim times: 1 iter: 61 epoch: 61.0 OC: 366000.0 SC: 366000
Current Complexity:
iter: 0 epoch: 0 OC: 0 SC: 0
Iterates Info:
acc: 0.5015 , loss: 0.6941221803288574 , primalF: 0.6941221803288574
||sto grad_x||^2: 0.11408518140966989 ||sto grad_y||^2: 6.229045136687909e-29
||true grad_x||^2: 0.11408518140966989 ||true grad_y||^2: 0.0
lr_x: 0.46021806880160593 , lr_y: 34.86784401
mu: 0.01 , kappa: 10
{'lr_x': 0.46021806880160593, 'lr_y': 34.86784401, 'b': 6000, 'eps': tensor(0.1794, device='cuda:0', grad_fn=<PowBackward0>), 'N': 1, 'K': 3000, 'real_K': 3000, 'L': 0.028679719907924412, 'mu': 0.01, 'std_x': 0.0, 'std_y': 0.0, 'is_force_b': False, 'method': 'primal_line_search_N_1_AGDA', 'pjx': False, 'pjy': True}
positive number of yi(batch): 6000 max y_i: 0.00016665649414093764 min y_i: 0.00016665649414093764
positive number of yi(total): 6000 max y_i: 0.00016665649414093764 min y_i: 0.00016665649414093764
-----------------------------------------------------------------------------------------------


-----------------------------------------------------------------------------------------------
Total Complexity:
sim times: 1 iter: 111 epoch: 111.0 OC: 666000.0 SC: 666000
Current Complexity:
iter: 50 epoch: 50.0 OC: 300000.0 SC: 300000
Iterates Info:
acc: 0.9688333333333333 , loss: 0.09543334170321555 , primalF: 0.09543334170302484
||sto grad_x||^2: 0.004882436556261505 ||sto grad_y||^2: 0.0
||true grad_x||^2: 0.004882436556261505 ||true grad_y||^2: 0.0
lr_x: 0.46021806880160593 , lr_y: 34.86784401
mu: 0.01 , kappa: 10
{'lr_x': 0.46021806880160593, 'lr_y': 34.86784401, 'b': 6000, 'eps': tensor(0.1794, device='cuda:0', grad_fn=<PowBackward0>), 'N': 1, 'K': 3000, 'real_K': 3000, 'L': 0.028679719907924412, 'mu': 0.01, 'std_x': 0.0, 'std_y': 0.0, 'is_force_b': False, 'method': 'primal_line_search_N_1_AGDA', 'pjx': False, 'pjy': True}
positive number of yi(batch): 6000 max y_i: 0.00016665649414093764 min y_i: 0.00016665649414093764
positive number of yi(total): 6000 max y_i: 0.00016665649414093764 min y_i: 0.00016665649414093764
-----------------------------------------------------------------------------------------------


-----------------------------------------------------------------------------------------------
Total Complexity:
sim times: 1 iter: 161 epoch: 161.0 OC: 966000.0 SC: 966000
Current Complexity:
iter: 100 epoch: 100.0 OC: 600000.0 SC: 600000
Iterates Info:
acc: 0.9818333333333333 , loss: 0.06069549802461268 , primalF: 0.06069549802465311
||sto grad_x||^2: 0.0021960621757079156 ||sto grad_y||^2: 0.0
||true grad_x||^2: 0.0021960621757079156 ||true grad_y||^2: 9.732883026074858e-31
lr_x: 0.46021806880160593 , lr_y: 34.86784401
mu: 0.01 , kappa: 10
{'lr_x': 0.46021806880160593, 'lr_y': 34.86784401, 'b': 6000, 'eps': tensor(0.1794, device='cuda:0', grad_fn=<PowBackward0>), 'N': 1, 'K': 3000, 'real_K': 3000, 'L': 0.028679719907924412, 'mu': 0.01, 'std_x': 0.0, 'std_y': 0.0, 'is_force_b': False, 'method': 'primal_line_search_N_1_AGDA', 'pjx': False, 'pjy': True}
positive number of yi(batch): 6000 max y_i: 0.00016665649414049355 min y_i: 0.00016665649414049355
positive number of yi(total): 6000 max y_i: 0.00016665649414049355 min y_i: 0.00016665649414049355
-----------------------------------------------------------------------------------------------


-----------------------------------------------------------------------------------------------
Total Complexity:
sim times: 1 iter: 211 epoch: 211.0 OC: 1266000.0 SC: 1266000
Current Complexity:
iter: 150 epoch: 150.0 OC: 900000.0 SC: 900000
Iterates Info:
acc: 0.5 , loss: 2.908848554199568 , primalF: 2.90884855382751
||sto grad_x||^2: 27.345143887072044 ||sto grad_y||^2: 9.966472218700655e-28
||true grad_x||^2: 27.345143887072044 ||true grad_y||^2: 9.966472218700655e-28
lr_x: 0.46021806880160593 , lr_y: 34.86784401
mu: 0.01 , kappa: 10
{'lr_x': 0.46021806880160593, 'lr_y': 34.86784401, 'b': 6000, 'eps': tensor(0.1794, device='cuda:0', grad_fn=<PowBackward0>), 'N': 1, 'K': 3000, 'real_K': 3000, 'L': 0.028679719907924412, 'mu': 0.01, 'std_x': 0.0, 'std_y': 0.0, 'is_force_b': False, 'method': 'primal_line_search_N_1_AGDA', 'pjx': False, 'pjy': True}
positive number of yi(batch): 6000 max y_i: 0.0001666564941587012 min y_i: 0.0001666564941587012
positive number of yi(total): 6000 max y_i: 0.0001666564941587012 min y_i: 0.0001666564941587012
-----------------------------------------------------------------------------------------------


-----------------------------------------------------------------------------------------------
Total Complexity:
sim times: 1 iter: 261 epoch: 261.0 OC: 1566000.0 SC: 1566000
Current Complexity:
iter: 200 epoch: 200.0 OC: 1200000.0 SC: 1200000
Iterates Info:
acc: 0.5 , loss: 6.26530041269773 , primalF: 6.26530041136212
||sto grad_x||^2: 20.999886628955714 ||sto grad_y||^2: 0.0
||true grad_x||^2: 20.999886628955714 ||true grad_y||^2: 0.0
lr_x: 0.46021806880160593 , lr_y: 34.86784401
mu: 0.01 , kappa: 10
{'lr_x': 0.46021806880160593, 'lr_y': 34.86784401, 'b': 6000, 'eps': tensor(0.1794, device='cuda:0', grad_fn=<PowBackward0>), 'N': 1, 'K': 3000, 'real_K': 3000, 'L': 0.028679719907924412, 'mu': 0.01, 'std_x': 0.0, 'std_y': 0.0, 'is_force_b': False, 'method': 'primal_line_search_N_1_AGDA', 'pjx': False, 'pjy': True}
positive number of yi(batch): 6000 max y_i: 0.00016665649417291206 min y_i: 0.00016665649417291206
positive number of yi(total): 6000 max y_i: 0.00016665649417291206 min y_i: 0.00016665649417291206
-----------------------------------------------------------------------------------------------


-----------------------------------------------------------------------------------------------
Total Complexity:
sim times: 1 iter: 311 epoch: 311.0 OC: 1866000.0 SC: 1866000
Current Complexity:
iter: 250 epoch: 250.0 OC: 1500000.0 SC: 1500000
Iterates Info:
acc: 0.5 , loss: 6.224064708051999 , primalF: 6.224064706725179
||sto grad_x||^2: 28.923056770496483 ||sto grad_y||^2: 3.986588887480262e-27
||true grad_x||^2: 28.923056770496483 ||true grad_y||^2: 3.986588887480262e-27
lr_x: 0.46021806880160593 , lr_y: 34.86784401
mu: 0.01 , kappa: 10
{'lr_x': 0.46021806880160593, 'lr_y': 34.86784401, 'b': 6000, 'eps': tensor(0.1794, device='cuda:0', grad_fn=<PowBackward0>), 'N': 1, 'K': 3000, 'real_K': 3000, 'L': 0.028679719907924412, 'mu': 0.01, 'std_x': 0.0, 'std_y': 0.0, 'is_force_b': False, 'method': 'primal_line_search_N_1_AGDA', 'pjx': False, 'pjy': True}
positive number of yi(batch): 6000 max y_i: 0.00016665649417291206 min y_i: 0.00016665649417291206
positive number of yi(total): 6000 max y_i: 0.00016665649417291206 min y_i: 0.00016665649417291206
-----------------------------------------------------------------------------------------------


-----------------------------------------------------------------------------------------------
Total Complexity:
sim times: 1 iter: 361 epoch: 361.0 OC: 2166000.0 SC: 2166000
Current Complexity:
iter: 300 epoch: 300.0 OC: 1800000.0 SC: 1800000
Iterates Info:
acc: 0.5 , loss: 4.481884763577617 , primalF: 4.481884762622188
||sto grad_x||^2: 21.84669333018862 ||sto grad_y||^2: 0.0
||true grad_x||^2: 21.84669333018862 ||true grad_y||^2: 0.0
lr_x: 0.46021806880160593 , lr_y: 34.86784401
mu: 0.01 , kappa: 10
{'lr_x': 0.46021806880160593, 'lr_y': 34.86784401, 'b': 6000, 'eps': tensor(0.1794, device='cuda:0', grad_fn=<PowBackward0>), 'N': 1, 'K': 3000, 'real_K': 3000, 'L': 0.028679719907924412, 'mu': 0.01, 'std_x': 0.0, 'std_y': 0.0, 'is_force_b': False, 'method': 'primal_line_search_N_1_AGDA', 'pjx': False, 'pjy': True}
positive number of yi(batch): 6000 max y_i: 0.00016665649417291206 min y_i: 0.00016665649417291206
positive number of yi(total): 6000 max y_i: 0.00016665649417291206 min y_i: 0.00016665649417291206
-----------------------------------------------------------------------------------------------


-----------------------------------------------------------------------------------------------
Total Complexity:
sim times: 1 iter: 411 epoch: 411.0 OC: 2466000.0 SC: 2466000
Current Complexity:
iter: 350 epoch: 350.0 OC: 2100000.0 SC: 2100000
Iterates Info:
acc: 0.5 , loss: 3.207647622579424 , primalF: 3.207647622169149
||sto grad_x||^2: 20.928857065491318 ||sto grad_y||^2: 0.0
||true grad_x||^2: 20.928857065491318 ||true grad_y||^2: 0.0
lr_x: 0.46021806880160593 , lr_y: 34.86784401
mu: 0.01 , kappa: 10
{'lr_x': 0.46021806880160593, 'lr_y': 34.86784401, 'b': 6000, 'eps': tensor(0.1794, device='cuda:0', grad_fn=<PowBackward0>), 'N': 1, 'K': 3000, 'real_K': 3000, 'L': 0.028679719907924412, 'mu': 0.01, 'std_x': 0.0, 'std_y': 0.0, 'is_force_b': False, 'method': 'primal_line_search_N_1_AGDA', 'pjx': False, 'pjy': True}
positive number of yi(batch): 6000 max y_i: 0.0001666564941587012 min y_i: 0.0001666564941587012
positive number of yi(total): 6000 max y_i: 0.0001666564941587012 min y_i: 0.0001666564941587012
-----------------------------------------------------------------------------------------------


-----------------------------------------------------------------------------------------------
Total Complexity:
sim times: 1 iter: 461 epoch: 461.0 OC: 2766000.0 SC: 2766000
Current Complexity:
iter: 400 epoch: 400.0 OC: 2400000.0 SC: 2400000
Iterates Info:
acc: 0.5 , loss: 3.547369552251373 , primalF: 3.547369552100131
||sto grad_x||^2: 21.011626486064504 ||sto grad_y||^2: 9.966472218700655e-28
||true grad_x||^2: 21.01162648606451 ||true grad_y||^2: 9.966472218700655e-28
lr_x: 0.46021806880160593 , lr_y: 34.86784401
mu: 0.01 , kappa: 10
{'lr_x': 0.46021806880160593, 'lr_y': 34.86784401, 'b': 6000, 'eps': tensor(0.1794, device='cuda:0', grad_fn=<PowBackward0>), 'N': 1, 'K': 3000, 'real_K': 3000, 'L': 0.028679719907924412, 'mu': 0.01, 'std_x': 0.0, 'std_y': 0.0, 'is_force_b': False, 'method': 'primal_line_search_N_1_AGDA', 'pjx': False, 'pjy': True}
positive number of yi(batch): 6000 max y_i: 0.00016665649414449035 min y_i: 0.00016665649414449035
positive number of yi(total): 6000 max y_i: 0.00016665649414449035 min y_i: 0.00016665649414449035
-----------------------------------------------------------------------------------------------


-----------------------------------------------------------------------------------------------
Total Complexity:
sim times: 1 iter: 511 epoch: 511.0 OC: 3066000.0 SC: 3066000
Current Complexity:
iter: 450 epoch: 450.0 OC: 2700000.0 SC: 2700000
Iterates Info:
acc: 0.5 , loss: 2.5476369813238606 , primalF: 2.547636981269551
||sto grad_x||^2: 19.926809995087606 ||sto grad_y||^2: 9.966472218700655e-28
||true grad_x||^2: 19.926809995087606 ||true grad_y||^2: 9.966472218700655e-28
lr_x: 0.46021806880160593 , lr_y: 34.86784401
mu: 0.01 , kappa: 10
{'lr_x': 0.46021806880160593, 'lr_y': 34.86784401, 'b': 6000, 'eps': tensor(0.1794, device='cuda:0', grad_fn=<PowBackward0>), 'N': 1, 'K': 3000, 'real_K': 3000, 'L': 0.028679719907924412, 'mu': 0.01, 'std_x': 0.0, 'std_y': 0.0, 'is_force_b': False, 'method': 'primal_line_search_N_1_AGDA', 'pjx': False, 'pjy': True}
positive number of yi(batch): 6000 max y_i: 0.00016665649414449035 min y_i: 0.00016665649414449035
positive number of yi(total): 6000 max y_i: 0.00016665649414449035 min y_i: 0.00016665649414449035
-----------------------------------------------------------------------------------------------


-----------------------------------------------------------------------------------------------
Total Complexity:
sim times: 1 iter: 561 epoch: 561.0 OC: 3366000.0 SC: 3366000
Current Complexity:
iter: 500 epoch: 500.0 OC: 3000000.0 SC: 3000000
Iterates Info:
acc: 0.5 , loss: 5.920448816776763 , primalF: 5.920448816776763
||sto grad_x||^2: 21.448208560517298 ||sto grad_y||^2: 3.986588887480262e-27
||true grad_x||^2: 21.448208560517298 ||true grad_y||^2: 0.0
lr_x: 0.46021806880160593 , lr_y: 34.86784401
mu: 0.01 , kappa: 10
{'lr_x': 0.46021806880160593, 'lr_y': 34.86784401, 'b': 6000, 'eps': tensor(0.1794, device='cuda:0', grad_fn=<PowBackward0>), 'N': 1, 'K': 3000, 'real_K': 3000, 'L': 0.028679719907924412, 'mu': 0.01, 'std_x': 0.0, 'std_y': 0.0, 'is_force_b': False, 'method': 'primal_line_search_N_1_AGDA', 'pjx': False, 'pjy': True}
positive number of yi(batch): 6000 max y_i: 0.00016665649414449035 min y_i: 0.00016665649414449035
positive number of yi(total): 6000 max y_i: 0.00016665649414449035 min y_i: 0.00016665649414449035
-----------------------------------------------------------------------------------------------


-----------------------------------------------------------------------------------------------
Total Complexity:
sim times: 1 iter: 611 epoch: 611.0 OC: 3666000.0 SC: 3666000
Current Complexity:
iter: 550 epoch: 550.0 OC: 3300000.0 SC: 3300000
Iterates Info:
acc: 0.5 , loss: 5.819049683583267 , primalF: 5.819049683583267
||sto grad_x||^2: 21.38587352584718 ||sto grad_y||^2: 3.986588887480262e-27
||true grad_x||^2: 21.38587352584718 ||true grad_y||^2: 3.986588887480262e-27
lr_x: 0.46021806880160593 , lr_y: 34.86784401
mu: 0.01 , kappa: 10
{'lr_x': 0.46021806880160593, 'lr_y': 34.86784401, 'b': 6000, 'eps': tensor(0.1794, device='cuda:0', grad_fn=<PowBackward0>), 'N': 1, 'K': 3000, 'real_K': 3000, 'L': 0.028679719907924412, 'mu': 0.01, 'std_x': 0.0, 'std_y': 0.0, 'is_force_b': False, 'method': 'primal_line_search_N_1_AGDA', 'pjx': False, 'pjy': True}
positive number of yi(batch): 6000 max y_i: 0.00016665649414449035 min y_i: 0.00016665649414449035
positive number of yi(total): 6000 max y_i: 0.00016665649414449035 min y_i: 0.00016665649414449035
-----------------------------------------------------------------------------------------------


-----------------------------------------------------------------------------------------------
Total Complexity:
sim times: 1 iter: 661 epoch: 661.0 OC: 3966000.0 SC: 3966000
Current Complexity:
iter: 600 epoch: 600.0 OC: 3600000.0 SC: 3600000
Iterates Info:
acc: 0.5 , loss: 6.636770909948026 , primalF: 6.636770909382106
||sto grad_x||^2: 22.66810470599775 ||sto grad_y||^2: 3.986588887480262e-27
||true grad_x||^2: 22.66810470599775 ||true grad_y||^2: 3.986588887480262e-27
lr_x: 0.46021806880160593 , lr_y: 34.86784401
mu: 0.01 , kappa: 10
{'lr_x': 0.46021806880160593, 'lr_y': 34.86784401, 'b': 6000, 'eps': tensor(0.1794, device='cuda:0', grad_fn=<PowBackward0>), 'N': 1, 'K': 3000, 'real_K': 3000, 'L': 0.028679719907924412, 'mu': 0.01, 'std_x': 0.0, 'std_y': 0.0, 'is_force_b': False, 'method': 'primal_line_search_N_1_AGDA', 'pjx': False, 'pjy': True}
positive number of yi(batch): 6000 max y_i: 0.00016665649417291206 min y_i: 0.00016665649417291206
positive number of yi(total): 6000 max y_i: 0.00016665649417291206 min y_i: 0.00016665649417291206
-----------------------------------------------------------------------------------------------


-----------------------------------------------------------------------------------------------
Total Complexity:
sim times: 1 iter: 711 epoch: 711.0 OC: 4266000.0 SC: 4266000
Current Complexity:
iter: 650 epoch: 650.0 OC: 3900000.0 SC: 3900000
Iterates Info:
acc: 0.5 , loss: 4.691223691019742 , primalF: 4.691223691019742
||sto grad_x||^2: 21.214728115066915 ||sto grad_y||^2: 0.0
||true grad_x||^2: 21.214728115066915 ||true grad_y||^2: 0.0
lr_x: 0.46021806880160593 , lr_y: 34.86784401
mu: 0.01 , kappa: 10
{'lr_x': 0.46021806880160593, 'lr_y': 34.86784401, 'b': 6000, 'eps': tensor(0.1794, device='cuda:0', grad_fn=<PowBackward0>), 'N': 1, 'K': 3000, 'real_K': 3000, 'L': 0.028679719907924412, 'mu': 0.01, 'std_x': 0.0, 'std_y': 0.0, 'is_force_b': False, 'method': 'primal_line_search_N_1_AGDA', 'pjx': False, 'pjy': True}
positive number of yi(batch): 6000 max y_i: 0.00016665649414449035 min y_i: 0.00016665649414449035
positive number of yi(total): 6000 max y_i: 0.00016665649414449035 min y_i: 0.00016665649414449035
-----------------------------------------------------------------------------------------------


-----------------------------------------------------------------------------------------------
Total Complexity:
sim times: 1 iter: 761 epoch: 761.0 OC: 4566000.0 SC: 4566000
Current Complexity:
iter: 700 epoch: 700.0 OC: 4200000.0 SC: 4200000
Iterates Info:
acc: 0.5 , loss: 2.4317591946738926 , primalF: 2.4317591944146963
||sto grad_x||^2: 23.57060949140758 ||sto grad_y||^2: 9.966472218700655e-28
||true grad_x||^2: 23.57060949140758 ||true grad_y||^2: 9.966472218700655e-28
lr_x: 0.46021806880160593 , lr_y: 34.86784401
mu: 0.01 , kappa: 10
{'lr_x': 0.46021806880160593, 'lr_y': 34.86784401, 'b': 6000, 'eps': tensor(0.1794, device='cuda:0', grad_fn=<PowBackward0>), 'N': 1, 'K': 3000, 'real_K': 3000, 'L': 0.028679719907924412, 'mu': 0.01, 'std_x': 0.0, 'std_y': 0.0, 'is_force_b': False, 'method': 'primal_line_search_N_1_AGDA', 'pjx': False, 'pjy': True}
positive number of yi(batch): 6000 max y_i: 0.0001666564941587012 min y_i: 0.0001666564941587012
positive number of yi(total): 6000 max y_i: 0.0001666564941587012 min y_i: 0.0001666564941587012
-----------------------------------------------------------------------------------------------


-----------------------------------------------------------------------------------------------
Total Complexity:
sim times: 1 iter: 811 epoch: 811.0 OC: 4866000.0 SC: 4866000
Current Complexity:
iter: 750 epoch: 750.0 OC: 4500000.0 SC: 4500000
Iterates Info:
acc: 0.5 , loss: 3.9418599643465573 , primalF: 3.9418599643465573
||sto grad_x||^2: 21.171265840076803 ||sto grad_y||^2: 0.0
||true grad_x||^2: 21.171265840076803 ||true grad_y||^2: 0.0
lr_x: 0.46021806880160593 , lr_y: 34.86784401
mu: 0.01 , kappa: 10
{'lr_x': 0.46021806880160593, 'lr_y': 34.86784401, 'b': 6000, 'eps': tensor(0.1794, device='cuda:0', grad_fn=<PowBackward0>), 'N': 1, 'K': 3000, 'real_K': 3000, 'L': 0.028679719907924412, 'mu': 0.01, 'std_x': 0.0, 'std_y': 0.0, 'is_force_b': False, 'method': 'primal_line_search_N_1_AGDA', 'pjx': False, 'pjy': True}
positive number of yi(batch): 6000 max y_i: 0.00016665649414449035 min y_i: 0.00016665649414449035
positive number of yi(total): 6000 max y_i: 0.00016665649414449035 min y_i: 0.00016665649414449035
-----------------------------------------------------------------------------------------------


-----------------------------------------------------------------------------------------------
Total Complexity:
sim times: 1 iter: 861 epoch: 861.0 OC: 5166000.0 SC: 5166000
Current Complexity:
iter: 800 epoch: 800.0 OC: 4800000.0 SC: 4800000
Iterates Info:
acc: 0.5 , loss: 4.008418700821354 , primalF: 4.008418700821354
||sto grad_x||^2: 21.12489542869632 ||sto grad_y||^2: 3.986588887480262e-27
||true grad_x||^2: 21.124895428696313 ||true grad_y||^2: 3.986588887480262e-27
lr_x: 0.46021806880160593 , lr_y: 34.86784401
mu: 0.01 , kappa: 10
{'lr_x': 0.46021806880160593, 'lr_y': 34.86784401, 'b': 6000, 'eps': tensor(0.1794, device='cuda:0', grad_fn=<PowBackward0>), 'N': 1, 'K': 3000, 'real_K': 3000, 'L': 0.028679719907924412, 'mu': 0.01, 'std_x': 0.0, 'std_y': 0.0, 'is_force_b': False, 'method': 'primal_line_search_N_1_AGDA', 'pjx': False, 'pjy': True}
positive number of yi(batch): 6000 max y_i: 0.00016665649414449035 min y_i: 0.00016665649414449035
positive number of yi(total): 6000 max y_i: 0.00016665649414449035 min y_i: 0.00016665649414449035
-----------------------------------------------------------------------------------------------


-----------------------------------------------------------------------------------------------
Total Complexity:
sim times: 1 iter: 911 epoch: 911.0 OC: 5466000.0 SC: 5466000
Current Complexity:
iter: 850 epoch: 850.0 OC: 5100000.0 SC: 5100000
Iterates Info:
acc: 0.5 , loss: 7.00449766258145 , primalF: 7.004497663178726
||sto grad_x||^2: 21.211724706461272 ||sto grad_y||^2: 0.0
||true grad_x||^2: 21.211724706461272 ||true grad_y||^2: 3.986588887480262e-27
lr_x: 0.46021806880160593 , lr_y: 34.86784401
mu: 0.01 , kappa: 10
{'lr_x': 0.46021806880160593, 'lr_y': 34.86784401, 'b': 6000, 'eps': tensor(0.1794, device='cuda:0', grad_fn=<PowBackward0>), 'N': 1, 'K': 3000, 'real_K': 3000, 'L': 0.028679719907924412, 'mu': 0.01, 'std_x': 0.0, 'std_y': 0.0, 'is_force_b': False, 'method': 'primal_line_search_N_1_AGDA', 'pjx': False, 'pjy': True}
positive number of yi(batch): 6000 max y_i: 0.00016665649414449035 min y_i: 0.00016665649414449035
positive number of yi(total): 6000 max y_i: 0.00016665649414449035 min y_i: 0.00016665649414449035
-----------------------------------------------------------------------------------------------


-----------------------------------------------------------------------------------------------
Total Complexity:
sim times: 1 iter: 961 epoch: 961.0 OC: 5766000.0 SC: 5766000
Current Complexity:
iter: 900 epoch: 900.0 OC: 5400000.0 SC: 5400000
Iterates Info:
acc: 0.5 , loss: 6.268856803369316 , primalF: 6.268856802300221
||sto grad_x||^2: 20.988585452014362 ||sto grad_y||^2: 3.986588887480262e-27
||true grad_x||^2: 20.988585452014362 ||true grad_y||^2: 0.0
lr_x: 0.46021806880160593 , lr_y: 34.86784401
mu: 0.01 , kappa: 10
{'lr_x': 0.46021806880160593, 'lr_y': 34.86784401, 'b': 6000, 'eps': tensor(0.1794, device='cuda:0', grad_fn=<PowBackward0>), 'N': 1, 'K': 3000, 'real_K': 3000, 'L': 0.028679719907924412, 'mu': 0.01, 'std_x': 0.0, 'std_y': 0.0, 'is_force_b': False, 'method': 'primal_line_search_N_1_AGDA', 'pjx': False, 'pjy': True}
positive number of yi(batch): 6000 max y_i: 0.00016665649417291206 min y_i: 0.00016665649417291206
positive number of yi(total): 6000 max y_i: 0.00016665649417291206 min y_i: 0.00016665649417291206
-----------------------------------------------------------------------------------------------


-----------------------------------------------------------------------------------------------
Total Complexity:
sim times: 1 iter: 1011 epoch: 1011.0 OC: 6066000.0 SC: 6066000
Current Complexity:
iter: 950 epoch: 950.0 OC: 5700000.0 SC: 5700000
Iterates Info:
acc: 0.5 , loss: 5.879543747402388 , primalF: 5.879543747402388
||sto grad_x||^2: 21.197832222924646 ||sto grad_y||^2: 0.0
||true grad_x||^2: 21.197832222924646 ||true grad_y||^2: 0.0
lr_x: 0.46021806880160593 , lr_y: 34.86784401
mu: 0.01 , kappa: 10
{'lr_x': 0.46021806880160593, 'lr_y': 34.86784401, 'b': 6000, 'eps': tensor(0.1794, device='cuda:0', grad_fn=<PowBackward0>), 'N': 1, 'K': 3000, 'real_K': 3000, 'L': 0.028679719907924412, 'mu': 0.01, 'std_x': 0.0, 'std_y': 0.0, 'is_force_b': False, 'method': 'primal_line_search_N_1_AGDA', 'pjx': False, 'pjy': True}
positive number of yi(batch): 6000 max y_i: 0.00016665649414449035 min y_i: 0.00016665649414449035
positive number of yi(total): 6000 max y_i: 0.00016665649414449035 min y_i: 0.00016665649414449035
-----------------------------------------------------------------------------------------------


-----------------------------------------------------------------------------------------------
Total Complexity:
sim times: 1 iter: 1061 epoch: 1061.0 OC: 6366000.0 SC: 6366000
Current Complexity:
iter: 1000 epoch: 1000.0 OC: 6000000.0 SC: 6000000
Iterates Info:
acc: 0.5 , loss: 5.707704450966348 , primalF: 5.707704449992953
||sto grad_x||^2: 21.150968455301545 ||sto grad_y||^2: 0.0
||true grad_x||^2: 21.150968455301545 ||true grad_y||^2: 0.0
lr_x: 0.46021806880160593 , lr_y: 34.86784401
mu: 0.01 , kappa: 10
{'lr_x': 0.46021806880160593, 'lr_y': 34.86784401, 'b': 6000, 'eps': tensor(0.1794, device='cuda:0', grad_fn=<PowBackward0>), 'N': 1, 'K': 3000, 'real_K': 3000, 'L': 0.028679719907924412, 'mu': 0.01, 'std_x': 0.0, 'std_y': 0.0, 'is_force_b': False, 'method': 'primal_line_search_N_1_AGDA', 'pjx': False, 'pjy': True}
positive number of yi(batch): 6000 max y_i: 0.00016665649417291206 min y_i: 0.00016665649417291206
positive number of yi(total): 6000 max y_i: 0.00016665649417291206 min y_i: 0.00016665649417291206
-----------------------------------------------------------------------------------------------


-----------------------------------------------------------------------------------------------
Total Complexity:
sim times: 1 iter: 1111 epoch: 1111.0 OC: 6666000.0 SC: 6666000
Current Complexity:
iter: 1050 epoch: 1050.0 OC: 6300000.0 SC: 6300000
Iterates Info:
acc: 0.5453333333333333 , loss: 4.60186816857867 , primalF: 4.60186816857867
||sto grad_x||^2: 30.921265063957375 ||sto grad_y||^2: 0.0
||true grad_x||^2: 30.921265063957375 ||true grad_y||^2: 0.0
lr_x: 0.46021806880160593 , lr_y: 34.86784401
mu: 0.01 , kappa: 10
{'lr_x': 0.46021806880160593, 'lr_y': 34.86784401, 'b': 6000, 'eps': tensor(0.1794, device='cuda:0', grad_fn=<PowBackward0>), 'N': 1, 'K': 3000, 'real_K': 3000, 'L': 0.028679719907924412, 'mu': 0.01, 'std_x': 0.0, 'std_y': 0.0, 'is_force_b': False, 'method': 'primal_line_search_N_1_AGDA', 'pjx': False, 'pjy': True}
positive number of yi(batch): 6000 max y_i: 0.00016665649414449035 min y_i: 0.00016665649414449035
positive number of yi(total): 6000 max y_i: 0.00016665649414449035 min y_i: 0.00016665649414449035
-----------------------------------------------------------------------------------------------


-----------------------------------------------------------------------------------------------
Total Complexity:
sim times: 1 iter: 1161 epoch: 1161.0 OC: 6966000.0 SC: 6966000
Current Complexity:
iter: 1100 epoch: 1100.0 OC: 6600000.0 SC: 6600000
Iterates Info:
acc: 0.9461666666666667 , loss: 0.15356696817253598 , primalF: 0.1535669681731498
||sto grad_x||^2: 0.131993643913672 ||sto grad_y||^2: 3.8931532104299434e-30
||true grad_x||^2: 0.131993643913672 ||true grad_y||^2: 3.8931532104299434e-30
lr_x: 0.46021806880160593 , lr_y: 34.86784401
mu: 0.01 , kappa: 10
{'lr_x': 0.46021806880160593, 'lr_y': 34.86784401, 'b': 6000, 'eps': tensor(0.1794, device='cuda:0', grad_fn=<PowBackward0>), 'N': 1, 'K': 3000, 'real_K': 3000, 'L': 0.028679719907924412, 'mu': 0.01, 'std_x': 0.0, 'std_y': 0.0, 'is_force_b': False, 'method': 'primal_line_search_N_1_AGDA', 'pjx': False, 'pjy': True}
positive number of yi(batch): 6000 max y_i: 0.00016665649414004946 min y_i: 0.00016665649414004946
positive number of yi(total): 6000 max y_i: 0.00016665649414004946 min y_i: 0.00016665649414004946
-----------------------------------------------------------------------------------------------


-----------------------------------------------------------------------------------------------
Total Complexity:
sim times: 1 iter: 1211 epoch: 1211.0 OC: 7266000.0 SC: 7266000
Current Complexity:
iter: 1150 epoch: 1150.0 OC: 6900000.0 SC: 6900000
Iterates Info:
acc: 0.9681666666666666 , loss: 0.10102866364808523 , primalF: 0.10102866364821984
||sto grad_x||^2: 0.07421431729115338 ||sto grad_y||^2: 0.0
||true grad_x||^2: 0.07421431729115338 ||true grad_y||^2: 0.0
lr_x: 0.46021806880160593 , lr_y: 34.86784401
mu: 0.01 , kappa: 10
{'lr_x': 0.46021806880160593, 'lr_y': 34.86784401, 'b': 6000, 'eps': tensor(0.1794, device='cuda:0', grad_fn=<PowBackward0>), 'N': 1, 'K': 3000, 'real_K': 3000, 'L': 0.028679719907924412, 'mu': 0.01, 'std_x': 0.0, 'std_y': 0.0, 'is_force_b': False, 'method': 'primal_line_search_N_1_AGDA', 'pjx': False, 'pjy': True}
positive number of yi(batch): 6000 max y_i: 0.00016665649414049355 min y_i: 0.00016665649414049355
positive number of yi(total): 6000 max y_i: 0.00016665649414049355 min y_i: 0.00016665649414049355
-----------------------------------------------------------------------------------------------


-----------------------------------------------------------------------------------------------
Total Complexity:
sim times: 1 iter: 1261 epoch: 1261.0 OC: 7566000.0 SC: 7566000
Current Complexity:
iter: 1200 epoch: 1200.0 OC: 7200000.0 SC: 7200000
Iterates Info:
acc: 0.9821666666666666 , loss: 0.06645714599529087 , primalF: 0.06645714599533514
||sto grad_x||^2: 0.09758280808320978 ||sto grad_y||^2: 9.732883026074858e-31
||true grad_x||^2: 0.09758280808320978 ||true grad_y||^2: 9.732883026074858e-31
lr_x: 0.46021806880160593 , lr_y: 34.86784401
mu: 0.01 , kappa: 10
{'lr_x': 0.46021806880160593, 'lr_y': 34.86784401, 'b': 6000, 'eps': tensor(0.1794, device='cuda:0', grad_fn=<PowBackward0>), 'N': 1, 'K': 3000, 'real_K': 3000, 'L': 0.028679719907924412, 'mu': 0.01, 'std_x': 0.0, 'std_y': 0.0, 'is_force_b': False, 'method': 'primal_line_search_N_1_AGDA', 'pjx': False, 'pjy': True}
positive number of yi(batch): 6000 max y_i: 0.00016665649414049355 min y_i: 0.00016665649414049355
positive number of yi(total): 6000 max y_i: 0.00016665649414049355 min y_i: 0.00016665649414049355
-----------------------------------------------------------------------------------------------


-----------------------------------------------------------------------------------------------
Total Complexity:
sim times: 1 iter: 1311 epoch: 1311.0 OC: 7866000.0 SC: 7866000
Current Complexity:
iter: 1250 epoch: 1250.0 OC: 7500000.0 SC: 7500000
Iterates Info:
acc: 0.509 , loss: 3.5716190119423663 , primalF: 3.571619011485536
||sto grad_x||^2: 21.810603053674395 ||sto grad_y||^2: 9.966472218700655e-28
||true grad_x||^2: 21.810603053674395 ||true grad_y||^2: 0.0
lr_x: 0.46021806880160593 , lr_y: 34.86784401
mu: 0.01 , kappa: 10
{'lr_x': 0.46021806880160593, 'lr_y': 34.86784401, 'b': 6000, 'eps': tensor(0.1794, device='cuda:0', grad_fn=<PowBackward0>), 'N': 1, 'K': 3000, 'real_K': 3000, 'L': 0.028679719907924412, 'mu': 0.01, 'std_x': 0.0, 'std_y': 0.0, 'is_force_b': False, 'method': 'primal_line_search_N_1_AGDA', 'pjx': False, 'pjy': True}
positive number of yi(batch): 6000 max y_i: 0.0001666564941587012 min y_i: 0.0001666564941587012
positive number of yi(total): 6000 max y_i: 0.0001666564941587012 min y_i: 0.0001666564941587012
-----------------------------------------------------------------------------------------------


-----------------------------------------------------------------------------------------------
Total Complexity:
sim times: 1 iter: 1361 epoch: 1361.0 OC: 8166000.0 SC: 8166000
Current Complexity:
iter: 1300 epoch: 1300.0 OC: 7800000.0 SC: 7800000
Iterates Info:
acc: 0.9068333333333334 , loss: 0.346548630088864 , primalF: 0.346548630088864
||sto grad_x||^2: 1.8359781916918725 ||sto grad_y||^2: 0.0
||true grad_x||^2: 1.8359781916918725 ||true grad_y||^2: 0.0
lr_x: 0.46021806880160593 , lr_y: 34.86784401
mu: 0.01 , kappa: 10
{'lr_x': 0.46021806880160593, 'lr_y': 34.86784401, 'b': 6000, 'eps': tensor(0.1794, device='cuda:0', grad_fn=<PowBackward0>), 'N': 1, 'K': 3000, 'real_K': 3000, 'L': 0.028679719907924412, 'mu': 0.01, 'std_x': 0.0, 'std_y': 0.0, 'is_force_b': False, 'method': 'primal_line_search_N_1_AGDA', 'pjx': False, 'pjy': True}
positive number of yi(batch): 6000 max y_i: 0.00016665649414093764 min y_i: 0.00016665649414093764
positive number of yi(total): 6000 max y_i: 0.00016665649414093764 min y_i: 0.00016665649414093764
-----------------------------------------------------------------------------------------------


-----------------------------------------------------------------------------------------------
Total Complexity:
sim times: 1 iter: 1411 epoch: 1411.0 OC: 8466000.0 SC: 8466000
Current Complexity:
iter: 1350 epoch: 1350.0 OC: 8100000.0 SC: 8100000
Iterates Info:
acc: 0.9906666666666667 , loss: 0.032082501620281374 , primalF: 0.03208250162027069
||sto grad_x||^2: 0.001203055944155326 ||sto grad_y||^2: 2.4332207565187146e-31
||true grad_x||^2: 0.001203055944155326 ||true grad_y||^2: 2.4332207565187146e-31
lr_x: 0.46021806880160593 , lr_y: 34.86784401
mu: 0.01 , kappa: 10
{'lr_x': 0.46021806880160593, 'lr_y': 34.86784401, 'b': 6000, 'eps': tensor(0.1794, device='cuda:0', grad_fn=<PowBackward0>), 'N': 1, 'K': 3000, 'real_K': 3000, 'L': 0.028679719907924412, 'mu': 0.01, 'std_x': 0.0, 'std_y': 0.0, 'is_force_b': False, 'method': 'primal_line_search_N_1_AGDA', 'pjx': False, 'pjy': True}
positive number of yi(batch): 6000 max y_i: 0.0001666564941407156 min y_i: 0.0001666564941407156
positive number of yi(total): 6000 max y_i: 0.0001666564941407156 min y_i: 0.0001666564941407156
-----------------------------------------------------------------------------------------------


-----------------------------------------------------------------------------------------------
Total Complexity:
sim times: 1 iter: 1461 epoch: 1461.0 OC: 8766000.0 SC: 8766000
Current Complexity:
iter: 1400 epoch: 1400.0 OC: 8400000.0 SC: 8400000
Iterates Info:
acc: 0.9973333333333333 , loss: 0.014800232545196855 , primalF: 0.014800232545201785
||sto grad_x||^2: 0.0003972698056887014 ||sto grad_y||^2: 0.0
||true grad_x||^2: 0.0003972698056887015 ||true grad_y||^2: 0.0
lr_x: 0.46021806880160593 , lr_y: 34.86784401
mu: 0.01 , kappa: 10
{'lr_x': 0.46021806880160593, 'lr_y': 34.86784401, 'b': 6000, 'eps': tensor(0.1794, device='cuda:0', grad_fn=<PowBackward0>), 'N': 1, 'K': 3000, 'real_K': 3000, 'L': 0.028679719907924412, 'mu': 0.01, 'std_x': 0.0, 'std_y': 0.0, 'is_force_b': False, 'method': 'primal_line_search_N_1_AGDA', 'pjx': False, 'pjy': True}
positive number of yi(batch): 6000 max y_i: 0.00016665649414060457 min y_i: 0.00016665649414060457
positive number of yi(total): 6000 max y_i: 0.00016665649414060457 min y_i: 0.00016665649414060457
-----------------------------------------------------------------------------------------------


-----------------------------------------------------------------------------------------------
Total Complexity:
sim times: 1 iter: 1511 epoch: 1511.0 OC: 9066000.0 SC: 9066000
Current Complexity:
iter: 1450 epoch: 1450.0 OC: 8700000.0 SC: 8700000
Iterates Info:
acc: 0.999 , loss: 0.00989769414017721 , primalF: 0.009897694140174738
||sto grad_x||^2: 9.595590928821421e-05 ||sto grad_y||^2: 1.5207629728241966e-32
||true grad_x||^2: 9.595590928821418e-05 ||true grad_y||^2: 1.5207629728241966e-32
lr_x: 0.46021806880160593 , lr_y: 34.86784401
mu: 0.01 , kappa: 10
{'lr_x': 0.46021806880160593, 'lr_y': 34.86784401, 'b': 6000, 'eps': tensor(0.1794, device='cuda:0', grad_fn=<PowBackward0>), 'N': 1, 'K': 3000, 'real_K': 3000, 'L': 0.028679719907924412, 'mu': 0.01, 'std_x': 0.0, 'std_y': 0.0, 'is_force_b': False, 'method': 'primal_line_search_N_1_AGDA', 'pjx': False, 'pjy': True}
positive number of yi(batch): 6000 max y_i: 0.00016665649414066008 min y_i: 0.00016665649414066008
positive number of yi(total): 6000 max y_i: 0.00016665649414066008 min y_i: 0.00016665649414066008
-----------------------------------------------------------------------------------------------


-----------------------------------------------------------------------------------------------
Total Complexity:
sim times: 1 iter: 1561 epoch: 1561.0 OC: 9366000.0 SC: 9366000
Current Complexity:
iter: 1500 epoch: 1500.0 OC: 9000000.0 SC: 9000000
Iterates Info:
acc: 0.999 , loss: 0.008590705053121591 , primalF: 0.00859070505312302
||sto grad_x||^2: 3.2272192660302356e-05 ||sto grad_y||^2: 1.5207629728241966e-32
||true grad_x||^2: 3.227219266030234e-05 ||true grad_y||^2: 1.5207629728241966e-32
lr_x: 0.46021806880160593 , lr_y: 34.86784401
mu: 0.01 , kappa: 10
{'lr_x': 0.46021806880160593, 'lr_y': 34.86784401, 'b': 6000, 'eps': tensor(0.1794, device='cuda:0', grad_fn=<PowBackward0>), 'N': 1, 'K': 3000, 'real_K': 3000, 'L': 0.028679719907924412, 'mu': 0.01, 'std_x': 0.0, 'std_y': 0.0, 'is_force_b': False, 'method': 'primal_line_search_N_1_AGDA', 'pjx': False, 'pjy': True}
positive number of yi(batch): 6000 max y_i: 0.00016665649414060457 min y_i: 0.00016665649414060457
positive number of yi(total): 6000 max y_i: 0.00016665649414060457 min y_i: 0.00016665649414060457
-----------------------------------------------------------------------------------------------


-----------------------------------------------------------------------------------------------
Total Complexity:
sim times: 1 iter: 1611 epoch: 1611.0 OC: 9666000.0 SC: 9666000
Current Complexity:
iter: 1550 epoch: 1550.0 OC: 9300000.0 SC: 9300000
Iterates Info:
acc: 0.999 , loss: 0.00808156513908586 , primalF: 0.008081565139086533
||sto grad_x||^2: 1.4859546088154749e-05 ||sto grad_y||^2: 0.0
||true grad_x||^2: 1.4859546088154749e-05 ||true grad_y||^2: 0.0
lr_x: 0.46021806880160593 , lr_y: 34.86784401
mu: 0.01 , kappa: 10
{'lr_x': 0.46021806880160593, 'lr_y': 34.86784401, 'b': 6000, 'eps': tensor(0.1794, device='cuda:0', grad_fn=<PowBackward0>), 'N': 1, 'K': 3000, 'real_K': 3000, 'L': 0.028679719907924412, 'mu': 0.01, 'std_x': 0.0, 'std_y': 0.0, 'is_force_b': False, 'method': 'primal_line_search_N_1_AGDA', 'pjx': False, 'pjy': True}
positive number of yi(batch): 6000 max y_i: 0.00016665649414060457 min y_i: 0.00016665649414060457
positive number of yi(total): 6000 max y_i: 0.00016665649414060457 min y_i: 0.00016665649414060457
-----------------------------------------------------------------------------------------------


-----------------------------------------------------------------------------------------------
Total Complexity:
sim times: 1 iter: 1661 epoch: 1661.0 OC: 9966000.0 SC: 9966000
Current Complexity:
iter: 1600 epoch: 1600.0 OC: 9600000.0 SC: 9600000
Iterates Info:
acc: 0.999 , loss: 0.007826335537285458 , primalF: 0.007826335537284153
||sto grad_x||^2: 8.174858252696583e-06 ||sto grad_y||^2: 0.0
||true grad_x||^2: 8.174858252696583e-06 ||true grad_y||^2: 1.5207629728241966e-32
lr_x: 0.46021806880160593 , lr_y: 34.86784401
mu: 0.01 , kappa: 10
{'lr_x': 0.46021806880160593, 'lr_y': 34.86784401, 'b': 6000, 'eps': tensor(0.1794, device='cuda:0', grad_fn=<PowBackward0>), 'N': 1, 'K': 3000, 'real_K': 3000, 'L': 0.028679719907924412, 'mu': 0.01, 'std_x': 0.0, 'std_y': 0.0, 'is_force_b': False, 'method': 'primal_line_search_N_1_AGDA', 'pjx': False, 'pjy': True}
positive number of yi(batch): 6000 max y_i: 0.00016665649414066008 min y_i: 0.00016665649414066008
positive number of yi(total): 6000 max y_i: 0.00016665649414066008 min y_i: 0.00016665649414066008
-----------------------------------------------------------------------------------------------


-----------------------------------------------------------------------------------------------
Total Complexity:
sim times: 1 iter: 1711 epoch: 1711.0 OC: 10266000.0 SC: 10266000
Current Complexity:
iter: 1650 epoch: 1650.0 OC: 9900000.0 SC: 9900000
Iterates Info:
acc: 0.999 , loss: 0.007677971994027074 , primalF: 0.007677971994025156
||sto grad_x||^2: 5.042567347343244e-06 ||sto grad_y||^2: 1.5207629728241966e-32
||true grad_x||^2: 5.042567347343244e-06 ||true grad_y||^2: 1.5207629728241966e-32
lr_x: 0.46021806880160593 , lr_y: 34.86784401
mu: 0.01 , kappa: 10
{'lr_x': 0.46021806880160593, 'lr_y': 34.86784401, 'b': 6000, 'eps': tensor(0.1794, device='cuda:0', grad_fn=<PowBackward0>), 'N': 1, 'K': 3000, 'real_K': 3000, 'L': 0.028679719907924412, 'mu': 0.01, 'std_x': 0.0, 'std_y': 0.0, 'is_force_b': False, 'method': 'primal_line_search_N_1_AGDA', 'pjx': False, 'pjy': True}
positive number of yi(batch): 6000 max y_i: 0.00016665649414066008 min y_i: 0.00016665649414066008
positive number of yi(total): 6000 max y_i: 0.00016665649414066008 min y_i: 0.00016665649414066008
-----------------------------------------------------------------------------------------------


-----------------------------------------------------------------------------------------------
Total Complexity:
sim times: 1 iter: 1761 epoch: 1761.0 OC: 10566000.0 SC: 10566000
Current Complexity:
iter: 1700 epoch: 1700.0 OC: 10200000.0 SC: 10200000
Iterates Info:
acc: 0.999 , loss: 0.007582912521993543 , primalF: 0.00758291252199228
||sto grad_x||^2: 3.363268073570893e-06 ||sto grad_y||^2: 0.0
||true grad_x||^2: 3.363268073570894e-06 ||true grad_y||^2: 1.5207629728241966e-32
lr_x: 0.46021806880160593 , lr_y: 34.86784401
mu: 0.01 , kappa: 10
{'lr_x': 0.46021806880160593, 'lr_y': 34.86784401, 'b': 6000, 'eps': tensor(0.1794, device='cuda:0', grad_fn=<PowBackward0>), 'N': 1, 'K': 3000, 'real_K': 3000, 'L': 0.028679719907924412, 'mu': 0.01, 'std_x': 0.0, 'std_y': 0.0, 'is_force_b': False, 'method': 'primal_line_search_N_1_AGDA', 'pjx': False, 'pjy': True}
positive number of yi(batch): 6000 max y_i: 0.00016665649414066008 min y_i: 0.00016665649414066008
positive number of yi(total): 6000 max y_i: 0.00016665649414066008 min y_i: 0.00016665649414066008
-----------------------------------------------------------------------------------------------


-----------------------------------------------------------------------------------------------
Total Complexity:
sim times: 1 iter: 1811 epoch: 1811.0 OC: 10866000.0 SC: 10866000
Current Complexity:
iter: 1750 epoch: 1750.0 OC: 10500000.0 SC: 10500000
Iterates Info:
acc: 0.999 , loss: 0.007517740108473101 , primalF: 0.0075177401084712235
||sto grad_x||^2: 2.3762679653579787e-06 ||sto grad_y||^2: 1.5207629728241966e-32
||true grad_x||^2: 2.376267965357977e-06 ||true grad_y||^2: 1.5207629728241966e-32
lr_x: 0.46021806880160593 , lr_y: 34.86784401
mu: 0.01 , kappa: 10
{'lr_x': 0.46021806880160593, 'lr_y': 34.86784401, 'b': 6000, 'eps': tensor(0.1794, device='cuda:0', grad_fn=<PowBackward0>), 'N': 1, 'K': 3000, 'real_K': 3000, 'L': 0.028679719907924412, 'mu': 0.01, 'std_x': 0.0, 'std_y': 0.0, 'is_force_b': False, 'method': 'primal_line_search_N_1_AGDA', 'pjx': False, 'pjy': True}
positive number of yi(batch): 6000 max y_i: 0.00016665649414066008 min y_i: 0.00016665649414066008
positive number of yi(total): 6000 max y_i: 0.00016665649414066008 min y_i: 0.00016665649414066008
-----------------------------------------------------------------------------------------------


-----------------------------------------------------------------------------------------------
Total Complexity:
sim times: 1 iter: 1861 epoch: 1861.0 OC: 11166000.0 SC: 11166000
Current Complexity:
iter: 1800 epoch: 1800.0 OC: 10800000.0 SC: 10800000
Iterates Info:
acc: 0.999 , loss: 0.007470225536167282 , primalF: 0.0074702255361660365
||sto grad_x||^2: 1.8015922240013449e-06 ||sto grad_y||^2: 1.5207629728241966e-32
||true grad_x||^2: 1.8015922240013442e-06 ||true grad_y||^2: 0.0
lr_x: 0.46021806880160593 , lr_y: 34.86784401
mu: 0.01 , kappa: 10
{'lr_x': 0.46021806880160593, 'lr_y': 34.86784401, 'b': 6000, 'eps': tensor(0.1794, device='cuda:0', grad_fn=<PowBackward0>), 'N': 1, 'K': 3000, 'real_K': 3000, 'L': 0.028679719907924412, 'mu': 0.01, 'std_x': 0.0, 'std_y': 0.0, 'is_force_b': False, 'method': 'primal_line_search_N_1_AGDA', 'pjx': False, 'pjy': True}
positive number of yi(batch): 6000 max y_i: 0.00016665649414066008 min y_i: 0.00016665649414066008
positive number of yi(total): 6000 max y_i: 0.00016665649414066008 min y_i: 0.00016665649414066008
-----------------------------------------------------------------------------------------------


-----------------------------------------------------------------------------------------------
Total Complexity:
sim times: 1 iter: 1911 epoch: 1911.0 OC: 11466000.0 SC: 11466000
Current Complexity:
iter: 1850 epoch: 1850.0 OC: 11100000.0 SC: 11100000
Iterates Info:
acc: 0.999 , loss: 0.007432473651489984 , primalF: 0.007432473651488746
||sto grad_x||^2: 1.5318679765527222e-06 ||sto grad_y||^2: 0.0
||true grad_x||^2: 1.5318679765527222e-06 ||true grad_y||^2: 1.5207629728241966e-32
lr_x: 0.46021806880160593 , lr_y: 34.86784401
mu: 0.01 , kappa: 10
{'lr_x': 0.46021806880160593, 'lr_y': 34.86784401, 'b': 6000, 'eps': tensor(0.1794, device='cuda:0', grad_fn=<PowBackward0>), 'N': 1, 'K': 3000, 'real_K': 3000, 'L': 0.028679719907924412, 'mu': 0.01, 'std_x': 0.0, 'std_y': 0.0, 'is_force_b': False, 'method': 'primal_line_search_N_1_AGDA', 'pjx': False, 'pjy': True}
positive number of yi(batch): 6000 max y_i: 0.00016665649414066008 min y_i: 0.00016665649414066008
positive number of yi(total): 6000 max y_i: 0.00016665649414066008 min y_i: 0.00016665649414066008
-----------------------------------------------------------------------------------------------


-----------------------------------------------------------------------------------------------
Total Complexity:
sim times: 1 iter: 1961 epoch: 1961.0 OC: 11766000.0 SC: 11766000
Current Complexity:
iter: 1900 epoch: 1900.0 OC: 11400000.0 SC: 11400000
Iterates Info:
acc: 0.999 , loss: 0.007394773563770443 , primalF: 0.007394773563771059
||sto grad_x||^2: 2.0328282938789922e-06 ||sto grad_y||^2: 0.0
||true grad_x||^2: 2.0328282938789922e-06 ||true grad_y||^2: 0.0
lr_x: 0.46021806880160593 , lr_y: 34.86784401
mu: 0.01 , kappa: 10
{'lr_x': 0.46021806880160593, 'lr_y': 34.86784401, 'b': 6000, 'eps': tensor(0.1794, device='cuda:0', grad_fn=<PowBackward0>), 'N': 1, 'K': 3000, 'real_K': 3000, 'L': 0.028679719907924412, 'mu': 0.01, 'std_x': 0.0, 'std_y': 0.0, 'is_force_b': False, 'method': 'primal_line_search_N_1_AGDA', 'pjx': False, 'pjy': True}
positive number of yi(batch): 6000 max y_i: 0.00016665649414060457 min y_i: 0.00016665649414060457
positive number of yi(total): 6000 max y_i: 0.00016665649414060457 min y_i: 0.00016665649414060457
-----------------------------------------------------------------------------------------------


-----------------------------------------------------------------------------------------------
Total Complexity:
sim times: 1 iter: 2011 epoch: 2011.0 OC: 12066000.0 SC: 12066000
Current Complexity:
iter: 1950 epoch: 1950.0 OC: 11700000.0 SC: 11700000
Iterates Info:
acc: 0.999 , loss: 0.006867022814438334 , primalF: 0.00686702281443719
||sto grad_x||^2: 8.546743745769762e-05 ||sto grad_y||^2: 0.0
||true grad_x||^2: 8.546743745769762e-05 ||true grad_y||^2: 3.8019074320604916e-33
lr_x: 0.46021806880160593 , lr_y: 34.86784401
mu: 0.01 , kappa: 10
{'lr_x': 0.46021806880160593, 'lr_y': 34.86784401, 'b': 6000, 'eps': tensor(0.1794, device='cuda:0', grad_fn=<PowBackward0>), 'N': 1, 'K': 3000, 'real_K': 3000, 'L': 0.028679719907924412, 'mu': 0.01, 'std_x': 0.0, 'std_y': 0.0, 'is_force_b': False, 'method': 'primal_line_search_N_1_AGDA', 'pjx': False, 'pjy': True}
positive number of yi(batch): 6000 max y_i: 0.00016665649414066008 min y_i: 0.00016665649414066008
positive number of yi(total): 6000 max y_i: 0.00016665649414066008 min y_i: 0.00016665649414066008
-----------------------------------------------------------------------------------------------


-----------------------------------------------------------------------------------------------
Total Complexity:
sim times: 1 iter: 2061 epoch: 2061.0 OC: 12366000.0 SC: 12366000
Current Complexity:
iter: 2000 epoch: 2000.0 OC: 12000000.0 SC: 12000000
Iterates Info:
acc: 0.9991666666666666 , loss: 0.006379824083946243 , primalF: 0.006379824083945182
||sto grad_x||^2: 2.949582995107363e-06 ||sto grad_y||^2: 3.8019074320604916e-33
||true grad_x||^2: 2.949582995107363e-06 ||true grad_y||^2: 0.0
lr_x: 0.46021806880160593 , lr_y: 34.86784401
mu: 0.01 , kappa: 10
{'lr_x': 0.46021806880160593, 'lr_y': 34.86784401, 'b': 6000, 'eps': tensor(0.1794, device='cuda:0', grad_fn=<PowBackward0>), 'N': 1, 'K': 3000, 'real_K': 3000, 'L': 0.028679719907924412, 'mu': 0.01, 'std_x': 0.0, 'std_y': 0.0, 'is_force_b': False, 'method': 'primal_line_search_N_1_AGDA', 'pjx': False, 'pjy': True}
positive number of yi(batch): 6000 max y_i: 0.00016665649414066008 min y_i: 0.00016665649414066008
positive number of yi(total): 6000 max y_i: 0.00016665649414066008 min y_i: 0.00016665649414066008
-----------------------------------------------------------------------------------------------


-----------------------------------------------------------------------------------------------
Total Complexity:
sim times: 1 iter: 2111 epoch: 2111.0 OC: 12666000.0 SC: 12666000
Current Complexity:
iter: 2050 epoch: 2050.0 OC: 12300000.0 SC: 12300000
Iterates Info:
acc: 0.9991666666666666 , loss: 0.006336167070679511 , primalF: 0.006336167070679511
||sto grad_x||^2: 1.3024386583769763e-06 ||sto grad_y||^2: 3.8019074320604916e-33
||true grad_x||^2: 1.302438658376977e-06 ||true grad_y||^2: 0.0
lr_x: 0.46021806880160593 , lr_y: 34.86784401
mu: 0.01 , kappa: 10
{'lr_x': 0.46021806880160593, 'lr_y': 34.86784401, 'b': 6000, 'eps': tensor(0.1794, device='cuda:0', grad_fn=<PowBackward0>), 'N': 1, 'K': 3000, 'real_K': 3000, 'L': 0.028679719907924412, 'mu': 0.01, 'std_x': 0.0, 'std_y': 0.0, 'is_force_b': False, 'method': 'primal_line_search_N_1_AGDA', 'pjx': False, 'pjy': True}
positive number of yi(batch): 6000 max y_i: 0.00016665649414063233 min y_i: 0.00016665649414063233
positive number of yi(total): 6000 max y_i: 0.00016665649414063233 min y_i: 0.00016665649414063233
-----------------------------------------------------------------------------------------------


-----------------------------------------------------------------------------------------------
Total Complexity:
sim times: 1 iter: 2161 epoch: 2161.0 OC: 12966000.0 SC: 12966000
Current Complexity:
iter: 2100 epoch: 2100.0 OC: 12600000.0 SC: 12600000
Iterates Info:
acc: 0.9991666666666666 , loss: 0.006311372015148221 , primalF: 0.006311372015147171
||sto grad_x||^2: 9.333292463578016e-07 ||sto grad_y||^2: 0.0
||true grad_x||^2: 9.333292463578014e-07 ||true grad_y||^2: 3.8019074320604916e-33
lr_x: 0.46021806880160593 , lr_y: 34.86784401
mu: 0.01 , kappa: 10
{'lr_x': 0.46021806880160593, 'lr_y': 34.86784401, 'b': 6000, 'eps': tensor(0.1794, device='cuda:0', grad_fn=<PowBackward0>), 'N': 1, 'K': 3000, 'real_K': 3000, 'L': 0.028679719907924412, 'mu': 0.01, 'std_x': 0.0, 'std_y': 0.0, 'is_force_b': False, 'method': 'primal_line_search_N_1_AGDA', 'pjx': False, 'pjy': True}
positive number of yi(batch): 6000 max y_i: 0.00016665649414066008 min y_i: 0.00016665649414066008
positive number of yi(total): 6000 max y_i: 0.00016665649414066008 min y_i: 0.00016665649414066008
-----------------------------------------------------------------------------------------------


-----------------------------------------------------------------------------------------------
Total Complexity:
sim times: 1 iter: 2211 epoch: 2211.0 OC: 13266000.0 SC: 13266000
Current Complexity:
iter: 2150 epoch: 2150.0 OC: 12900000.0 SC: 12900000
Iterates Info:
acc: 0.9991666666666666 , loss: 0.006289977662624854 , primalF: 0.006289977662624329
||sto grad_x||^2: 1.0199953383282395e-06 ||sto grad_y||^2: 3.8019074320604916e-33
||true grad_x||^2: 1.019995338328239e-06 ||true grad_y||^2: 0.0
lr_x: 0.46021806880160593 , lr_y: 34.86784401
mu: 0.01 , kappa: 10
{'lr_x': 0.46021806880160593, 'lr_y': 34.86784401, 'b': 6000, 'eps': tensor(0.1794, device='cuda:0', grad_fn=<PowBackward0>), 'N': 1, 'K': 3000, 'real_K': 3000, 'L': 0.028679719907924412, 'mu': 0.01, 'std_x': 0.0, 'std_y': 0.0, 'is_force_b': False, 'method': 'primal_line_search_N_1_AGDA', 'pjx': False, 'pjy': True}
positive number of yi(batch): 6000 max y_i: 0.00016665649414063233 min y_i: 0.00016665649414063233
positive number of yi(total): 6000 max y_i: 0.00016665649414063233 min y_i: 0.00016665649414063233
-----------------------------------------------------------------------------------------------


-----------------------------------------------------------------------------------------------
Total Complexity:
sim times: 1 iter: 2261 epoch: 2261.0 OC: 13566000.0 SC: 13566000
Current Complexity:
iter: 2200 epoch: 2200.0 OC: 13200000.0 SC: 13200000
Iterates Info:
acc: 0.9991666666666666 , loss: 0.0062475032717952015 , primalF: 0.006247503271794159
||sto grad_x||^2: 4.574365645646838e-06 ||sto grad_y||^2: 3.8019074320604916e-33
||true grad_x||^2: 4.574365645646838e-06 ||true grad_y||^2: 0.0
lr_x: 0.46021806880160593 , lr_y: 34.86784401
mu: 0.01 , kappa: 10
{'lr_x': 0.46021806880160593, 'lr_y': 34.86784401, 'b': 6000, 'eps': tensor(0.1794, device='cuda:0', grad_fn=<PowBackward0>), 'N': 1, 'K': 3000, 'real_K': 3000, 'L': 0.028679719907924412, 'mu': 0.01, 'std_x': 0.0, 'std_y': 0.0, 'is_force_b': False, 'method': 'primal_line_search_N_1_AGDA', 'pjx': False, 'pjy': True}
positive number of yi(batch): 6000 max y_i: 0.00016665649414066008 min y_i: 0.00016665649414066008
positive number of yi(total): 6000 max y_i: 0.00016665649414066008 min y_i: 0.00016665649414066008
-----------------------------------------------------------------------------------------------


-----------------------------------------------------------------------------------------------
Total Complexity:
sim times: 1 iter: 2311 epoch: 2311.0 OC: 13866000.0 SC: 13866000
Current Complexity:
iter: 2250 epoch: 2250.0 OC: 13500000.0 SC: 13500000
Iterates Info:
acc: 0.9993333333333333 , loss: 0.005275080482642996 , primalF: 0.005275080482642115
||sto grad_x||^2: 7.6182954779870746e-06 ||sto grad_y||^2: 0.0
||true grad_x||^2: 7.6182954779870746e-06 ||true grad_y||^2: 0.0
lr_x: 0.46021806880160593 , lr_y: 34.86784401
mu: 0.01 , kappa: 10
{'lr_x': 0.46021806880160593, 'lr_y': 34.86784401, 'b': 6000, 'eps': tensor(0.1794, device='cuda:0', grad_fn=<PowBackward0>), 'N': 1, 'K': 3000, 'real_K': 3000, 'L': 0.028679719907924412, 'mu': 0.01, 'std_x': 0.0, 'std_y': 0.0, 'is_force_b': False, 'method': 'primal_line_search_N_1_AGDA', 'pjx': False, 'pjy': True}
positive number of yi(batch): 6000 max y_i: 0.00016665649414066008 min y_i: 0.00016665649414066008
positive number of yi(total): 6000 max y_i: 0.00016665649414066008 min y_i: 0.00016665649414066008
-----------------------------------------------------------------------------------------------


-----------------------------------------------------------------------------------------------
Total Complexity:
sim times: 1 iter: 2361 epoch: 2361.0 OC: 14166000.0 SC: 14166000
Current Complexity:
iter: 2300 epoch: 2300.0 OC: 13800000.0 SC: 13800000
Iterates Info:
acc: 0.9993333333333333 , loss: 0.0052161598116499605 , primalF: 0.005216159811648875
||sto grad_x||^2: 1.072918195692358e-06 ||sto grad_y||^2: 3.8019074320604916e-33
||true grad_x||^2: 1.072918195692358e-06 ||true grad_y||^2: 3.8019074320604916e-33
lr_x: 0.46021806880160593 , lr_y: 34.86784401
mu: 0.01 , kappa: 10
{'lr_x': 0.46021806880160593, 'lr_y': 34.86784401, 'b': 6000, 'eps': tensor(0.1794, device='cuda:0', grad_fn=<PowBackward0>), 'N': 1, 'K': 3000, 'real_K': 3000, 'L': 0.028679719907924412, 'mu': 0.01, 'std_x': 0.0, 'std_y': 0.0, 'is_force_b': False, 'method': 'primal_line_search_N_1_AGDA', 'pjx': False, 'pjy': True}
positive number of yi(batch): 6000 max y_i: 0.00016665649414066008 min y_i: 0.00016665649414066008
positive number of yi(total): 6000 max y_i: 0.00016665649414066008 min y_i: 0.00016665649414066008
-----------------------------------------------------------------------------------------------


-----------------------------------------------------------------------------------------------
Total Complexity:
sim times: 1 iter: 2411 epoch: 2411.0 OC: 14466000.0 SC: 14466000
Current Complexity:
iter: 2350 epoch: 2350.0 OC: 14100000.0 SC: 14100000
Iterates Info:
acc: 0.9993333333333333 , loss: 0.0051973460116621064 , primalF: 0.005197346011661025
||sto grad_x||^2: 6.582044220509321e-07 ||sto grad_y||^2: 0.0
||true grad_x||^2: 6.582044220509324e-07 ||true grad_y||^2: 3.8019074320604916e-33
lr_x: 0.46021806880160593 , lr_y: 34.86784401
mu: 0.01 , kappa: 10
{'lr_x': 0.46021806880160593, 'lr_y': 34.86784401, 'b': 6000, 'eps': tensor(0.1794, device='cuda:0', grad_fn=<PowBackward0>), 'N': 1, 'K': 3000, 'real_K': 3000, 'L': 0.028679719907924412, 'mu': 0.01, 'std_x': 0.0, 'std_y': 0.0, 'is_force_b': False, 'method': 'primal_line_search_N_1_AGDA', 'pjx': False, 'pjy': True}
positive number of yi(batch): 6000 max y_i: 0.00016665649414066008 min y_i: 0.00016665649414066008
positive number of yi(total): 6000 max y_i: 0.00016665649414066008 min y_i: 0.00016665649414066008
-----------------------------------------------------------------------------------------------


-----------------------------------------------------------------------------------------------
Total Complexity:
sim times: 1 iter: 2461 epoch: 2461.0 OC: 14766000.0 SC: 14766000
Current Complexity:
iter: 2400 epoch: 2400.0 OC: 14400000.0 SC: 14400000
Iterates Info:
acc: 0.9993333333333333 , loss: 0.005183457550724121 , primalF: 0.005183457550723258
||sto grad_x||^2: 5.855280590225189e-07 ||sto grad_y||^2: 0.0
||true grad_x||^2: 5.855280590225187e-07 ||true grad_y||^2: 0.0
lr_x: 0.46021806880160593 , lr_y: 34.86784401
mu: 0.01 , kappa: 10
{'lr_x': 0.46021806880160593, 'lr_y': 34.86784401, 'b': 6000, 'eps': tensor(0.1794, device='cuda:0', grad_fn=<PowBackward0>), 'N': 1, 'K': 3000, 'real_K': 3000, 'L': 0.028679719907924412, 'mu': 0.01, 'std_x': 0.0, 'std_y': 0.0, 'is_force_b': False, 'method': 'primal_line_search_N_1_AGDA', 'pjx': False, 'pjy': True}
positive number of yi(batch): 6000 max y_i: 0.00016665649414066008 min y_i: 0.00016665649414066008
positive number of yi(total): 6000 max y_i: 0.00016665649414066008 min y_i: 0.00016665649414066008
-----------------------------------------------------------------------------------------------


-----------------------------------------------------------------------------------------------
Total Complexity:
sim times: 1 iter: 2511 epoch: 2511.0 OC: 15066000.0 SC: 15066000
Current Complexity:
iter: 2450 epoch: 2450.0 OC: 14700000.0 SC: 14700000
Iterates Info:
acc: 0.9993333333333333 , loss: 0.005167819009461174 , primalF: 0.0051678190094603125
||sto grad_x||^2: 8.982505166020163e-07 ||sto grad_y||^2: 0.0
||true grad_x||^2: 8.982505166020163e-07 ||true grad_y||^2: 0.0
lr_x: 0.46021806880160593 , lr_y: 34.86784401
mu: 0.01 , kappa: 10
{'lr_x': 0.46021806880160593, 'lr_y': 34.86784401, 'b': 6000, 'eps': tensor(0.1794, device='cuda:0', grad_fn=<PowBackward0>), 'N': 1, 'K': 3000, 'real_K': 3000, 'L': 0.028679719907924412, 'mu': 0.01, 'std_x': 0.0, 'std_y': 0.0, 'is_force_b': False, 'method': 'primal_line_search_N_1_AGDA', 'pjx': False, 'pjy': True}
positive number of yi(batch): 6000 max y_i: 0.00016665649414066008 min y_i: 0.00016665649414066008
positive number of yi(total): 6000 max y_i: 0.00016665649414066008 min y_i: 0.00016665649414066008
-----------------------------------------------------------------------------------------------


-----------------------------------------------------------------------------------------------
Total Complexity:
sim times: 1 iter: 2561 epoch: 2561.0 OC: 15366000.0 SC: 15366000
Current Complexity:
iter: 2500 epoch: 2500.0 OC: 15000000.0 SC: 15000000
Iterates Info:
acc: 0.9993333333333333 , loss: 0.005097924724074676 , primalF: 0.005097924724074676
||sto grad_x||^2: 1.3928816690532184e-05 ||sto grad_y||^2: 0.0
||true grad_x||^2: 1.3928816690532184e-05 ||true grad_y||^2: 3.8019074320604916e-33
lr_x: 0.46021806880160593 , lr_y: 34.86784401
mu: 0.01 , kappa: 10
{'lr_x': 0.46021806880160593, 'lr_y': 34.86784401, 'b': 6000, 'eps': tensor(0.1794, device='cuda:0', grad_fn=<PowBackward0>), 'N': 1, 'K': 3000, 'real_K': 3000, 'L': 0.028679719907924412, 'mu': 0.01, 'std_x': 0.0, 'std_y': 0.0, 'is_force_b': False, 'method': 'primal_line_search_N_1_AGDA', 'pjx': False, 'pjy': True}
positive number of yi(batch): 6000 max y_i: 0.00016665649414063233 min y_i: 0.00016665649414063233
positive number of yi(total): 6000 max y_i: 0.00016665649414063233 min y_i: 0.00016665649414063233
-----------------------------------------------------------------------------------------------


-----------------------------------------------------------------------------------------------
Total Complexity:
sim times: 1 iter: 2611 epoch: 2611.0 OC: 15666000.0 SC: 15666000
Current Complexity:
iter: 2550 epoch: 2550.0 OC: 15300000.0 SC: 15300000
Iterates Info:
acc: 0.9995 , loss: 0.004095240533084039 , primalF: 0.004095240533083357
||sto grad_x||^2: 2.8993686218062196e-06 ||sto grad_y||^2: 0.0
||true grad_x||^2: 2.8993686218062192e-06 ||true grad_y||^2: 3.8019074320604916e-33
lr_x: 0.46021806880160593 , lr_y: 34.86784401
mu: 0.01 , kappa: 10
{'lr_x': 0.46021806880160593, 'lr_y': 34.86784401, 'b': 6000, 'eps': tensor(0.1794, device='cuda:0', grad_fn=<PowBackward0>), 'N': 1, 'K': 3000, 'real_K': 3000, 'L': 0.028679719907924412, 'mu': 0.01, 'std_x': 0.0, 'std_y': 0.0, 'is_force_b': False, 'method': 'primal_line_search_N_1_AGDA', 'pjx': False, 'pjy': True}
positive number of yi(batch): 6000 max y_i: 0.00016665649414066008 min y_i: 0.00016665649414066008
positive number of yi(total): 6000 max y_i: 0.00016665649414066008 min y_i: 0.00016665649414066008
-----------------------------------------------------------------------------------------------


-----------------------------------------------------------------------------------------------
Total Complexity:
sim times: 1 iter: 2661 epoch: 2661.0 OC: 15966000.0 SC: 15966000
Current Complexity:
iter: 2600 epoch: 2600.0 OC: 15600000.0 SC: 15600000
Iterates Info:
acc: 0.9995 , loss: 0.0040663543358868915 , primalF: 0.004066354335886215
||sto grad_x||^2: 6.334552619933749e-07 ||sto grad_y||^2: 0.0
||true grad_x||^2: 6.33455261993375e-07 ||true grad_y||^2: 0.0
lr_x: 0.46021806880160593 , lr_y: 34.86784401
mu: 0.01 , kappa: 10
{'lr_x': 0.46021806880160593, 'lr_y': 34.86784401, 'b': 6000, 'eps': tensor(0.1794, device='cuda:0', grad_fn=<PowBackward0>), 'N': 1, 'K': 3000, 'real_K': 3000, 'L': 0.028679719907924412, 'mu': 0.01, 'std_x': 0.0, 'std_y': 0.0, 'is_force_b': False, 'method': 'primal_line_search_N_1_AGDA', 'pjx': False, 'pjy': True}
positive number of yi(batch): 6000 max y_i: 0.00016665649414066008 min y_i: 0.00016665649414066008
positive number of yi(total): 6000 max y_i: 0.00016665649414066008 min y_i: 0.00016665649414066008
-----------------------------------------------------------------------------------------------


-----------------------------------------------------------------------------------------------
Total Complexity:
sim times: 1 iter: 2711 epoch: 2711.0 OC: 16266000.0 SC: 16266000
Current Complexity:
iter: 2650 epoch: 2650.0 OC: 15900000.0 SC: 15900000
Iterates Info:
acc: 0.9995 , loss: 0.004055144963950152 , primalF: 0.004055144963949476
||sto grad_x||^2: 3.8863224006025833e-07 ||sto grad_y||^2: 3.8019074320604916e-33
||true grad_x||^2: 3.8863224006025833e-07 ||true grad_y||^2: 0.0
lr_x: 0.46021806880160593 , lr_y: 34.86784401
mu: 0.01 , kappa: 10
{'lr_x': 0.46021806880160593, 'lr_y': 34.86784401, 'b': 6000, 'eps': tensor(0.1794, device='cuda:0', grad_fn=<PowBackward0>), 'N': 1, 'K': 3000, 'real_K': 3000, 'L': 0.028679719907924412, 'mu': 0.01, 'std_x': 0.0, 'std_y': 0.0, 'is_force_b': False, 'method': 'primal_line_search_N_1_AGDA', 'pjx': False, 'pjy': True}
positive number of yi(batch): 6000 max y_i: 0.00016665649414066008 min y_i: 0.00016665649414066008
positive number of yi(total): 6000 max y_i: 0.00016665649414066008 min y_i: 0.00016665649414066008
-----------------------------------------------------------------------------------------------


-----------------------------------------------------------------------------------------------
Total Complexity:
sim times: 1 iter: 2761 epoch: 2761.0 OC: 16566000.0 SC: 16566000
Current Complexity:
iter: 2700 epoch: 2700.0 OC: 16200000.0 SC: 16200000
Iterates Info:
acc: 0.9995 , loss: 0.004047402816280642 , primalF: 0.0040474028162799675
||sto grad_x||^2: 2.9349468055876344e-07 ||sto grad_y||^2: 3.8019074320604916e-33
||true grad_x||^2: 2.9349468055876344e-07 ||true grad_y||^2: 0.0
lr_x: 0.46021806880160593 , lr_y: 34.86784401
mu: 0.01 , kappa: 10
{'lr_x': 0.46021806880160593, 'lr_y': 34.86784401, 'b': 6000, 'eps': tensor(0.1794, device='cuda:0', grad_fn=<PowBackward0>), 'N': 1, 'K': 3000, 'real_K': 3000, 'L': 0.028679719907924412, 'mu': 0.01, 'std_x': 0.0, 'std_y': 0.0, 'is_force_b': False, 'method': 'primal_line_search_N_1_AGDA', 'pjx': False, 'pjy': True}
positive number of yi(batch): 6000 max y_i: 0.00016665649414066008 min y_i: 0.00016665649414066008
positive number of yi(total): 6000 max y_i: 0.00016665649414066008 min y_i: 0.00016665649414066008
-----------------------------------------------------------------------------------------------


-----------------------------------------------------------------------------------------------
Total Complexity:
sim times: 1 iter: 2811 epoch: 2811.0 OC: 16866000.0 SC: 16866000
Current Complexity:
iter: 2750 epoch: 2750.0 OC: 16500000.0 SC: 16500000
Iterates Info:
acc: 0.9995 , loss: 0.004041328674432438 , primalF: 0.004041328674431597
||sto grad_x||^2: 2.3792600825589473e-07 ||sto grad_y||^2: 0.0
||true grad_x||^2: 2.3792600825589473e-07 ||true grad_y||^2: 0.0
lr_x: 0.46021806880160593 , lr_y: 34.86784401
mu: 0.01 , kappa: 10
{'lr_x': 0.46021806880160593, 'lr_y': 34.86784401, 'b': 6000, 'eps': tensor(0.1794, device='cuda:0', grad_fn=<PowBackward0>), 'N': 1, 'K': 3000, 'real_K': 3000, 'L': 0.028679719907924412, 'mu': 0.01, 'std_x': 0.0, 'std_y': 0.0, 'is_force_b': False, 'method': 'primal_line_search_N_1_AGDA', 'pjx': False, 'pjy': True}
positive number of yi(batch): 6000 max y_i: 0.00016665649414066008 min y_i: 0.00016665649414066008
positive number of yi(total): 6000 max y_i: 0.00016665649414066008 min y_i: 0.00016665649414066008
-----------------------------------------------------------------------------------------------


-----------------------------------------------------------------------------------------------
Total Complexity:
sim times: 1 iter: 2861 epoch: 2861.0 OC: 17166000.0 SC: 17166000
Current Complexity:
iter: 2800 epoch: 2800.0 OC: 16800000.0 SC: 16800000
Iterates Info:
acc: 0.9995 , loss: 0.0040363137805486385 , primalF: 0.004036313780547965
||sto grad_x||^2: 1.9957454498192308e-07 ||sto grad_y||^2: 0.0
||true grad_x||^2: 1.9957454498192313e-07 ||true grad_y||^2: 0.0
lr_x: 0.46021806880160593 , lr_y: 34.86784401
mu: 0.01 , kappa: 10
{'lr_x': 0.46021806880160593, 'lr_y': 34.86784401, 'b': 6000, 'eps': tensor(0.1794, device='cuda:0', grad_fn=<PowBackward0>), 'N': 1, 'K': 3000, 'real_K': 3000, 'L': 0.028679719907924412, 'mu': 0.01, 'std_x': 0.0, 'std_y': 0.0, 'is_force_b': False, 'method': 'primal_line_search_N_1_AGDA', 'pjx': False, 'pjy': True}
positive number of yi(batch): 6000 max y_i: 0.00016665649414066008 min y_i: 0.00016665649414066008
positive number of yi(total): 6000 max y_i: 0.00016665649414066008 min y_i: 0.00016665649414066008
-----------------------------------------------------------------------------------------------


-----------------------------------------------------------------------------------------------
Total Complexity:
sim times: 1 iter: 2911 epoch: 2911.0 OC: 17466000.0 SC: 17466000
Current Complexity:
iter: 2850 epoch: 2850.0 OC: 17100000.0 SC: 17100000
Iterates Info:
acc: 0.9995 , loss: 0.004032058141977207 , primalF: 0.004032058141977207
||sto grad_x||^2: 1.7133849469796459e-07 ||sto grad_y||^2: 3.8019074320604916e-33
||true grad_x||^2: 1.713384946979646e-07 ||true grad_y||^2: 3.8019074320604916e-33
lr_x: 0.46021806880160593 , lr_y: 34.86784401
mu: 0.01 , kappa: 10
{'lr_x': 0.46021806880160593, 'lr_y': 34.86784401, 'b': 6000, 'eps': tensor(0.1794, device='cuda:0', grad_fn=<PowBackward0>), 'N': 1, 'K': 3000, 'real_K': 3000, 'L': 0.028679719907924412, 'mu': 0.01, 'std_x': 0.0, 'std_y': 0.0, 'is_force_b': False, 'method': 'primal_line_search_N_1_AGDA', 'pjx': False, 'pjy': True}
positive number of yi(batch): 6000 max y_i: 0.00016665649414063233 min y_i: 0.00016665649414063233
positive number of yi(total): 6000 max y_i: 0.00016665649414063233 min y_i: 0.00016665649414063233
-----------------------------------------------------------------------------------------------


-----------------------------------------------------------------------------------------------
Total Complexity:
sim times: 1 iter: 2961 epoch: 2961.0 OC: 17766000.0 SC: 17766000
Current Complexity:
iter: 2900 epoch: 2900.0 OC: 17400000.0 SC: 17400000
Iterates Info:
acc: 0.9995 , loss: 0.004028377072743498 , primalF: 0.004028377072742828
||sto grad_x||^2: 1.4934863915128465e-07 ||sto grad_y||^2: 3.8019074320604916e-33
||true grad_x||^2: 1.493486391512847e-07 ||true grad_y||^2: 0.0
lr_x: 0.46021806880160593 , lr_y: 34.86784401
mu: 0.01 , kappa: 10
{'lr_x': 0.46021806880160593, 'lr_y': 34.86784401, 'b': 6000, 'eps': tensor(0.1794, device='cuda:0', grad_fn=<PowBackward0>), 'N': 1, 'K': 3000, 'real_K': 3000, 'L': 0.028679719907924412, 'mu': 0.01, 'std_x': 0.0, 'std_y': 0.0, 'is_force_b': False, 'method': 'primal_line_search_N_1_AGDA', 'pjx': False, 'pjy': True}
positive number of yi(batch): 6000 max y_i: 0.00016665649414066008 min y_i: 0.00016665649414066008
positive number of yi(total): 6000 max y_i: 0.00016665649414066008 min y_i: 0.00016665649414066008
-----------------------------------------------------------------------------------------------


-----------------------------------------------------------------------------------------------
Total Complexity:
sim times: 1 iter: 3011 epoch: 3011.0 OC: 18066000.0 SC: 18066000
Current Complexity:
iter: 2950 epoch: 2950.0 OC: 17700000.0 SC: 17700000
Iterates Info:
acc: 0.9995 , loss: 0.004025143837123103 , primalF: 0.004025143837123103
||sto grad_x||^2: 1.3215212609195494e-07 ||sto grad_y||^2: 0.0
||true grad_x||^2: 1.321521260919549e-07 ||true grad_y||^2: 3.8019074320604916e-33
lr_x: 0.46021806880160593 , lr_y: 34.86784401
mu: 0.01 , kappa: 10
{'lr_x': 0.46021806880160593, 'lr_y': 34.86784401, 'b': 6000, 'eps': tensor(0.1794, device='cuda:0', grad_fn=<PowBackward0>), 'N': 1, 'K': 3000, 'real_K': 3000, 'L': 0.028679719907924412, 'mu': 0.01, 'std_x': 0.0, 'std_y': 0.0, 'is_force_b': False, 'method': 'primal_line_search_N_1_AGDA', 'pjx': False, 'pjy': True}
positive number of yi(batch): 6000 max y_i: 0.00016665649414063233 min y_i: 0.00016665649414063233
positive number of yi(total): 6000 max y_i: 0.00016665649414063233 min y_i: 0.00016665649414063233
-----------------------------------------------------------------------------------------------


-----------------------------------------------------------------------------------------------
Total Complexity:
sim times: 1 iter: 3061 epoch: 3061.0 OC: 18366000.0 SC: 18366000
Current Complexity:
iter: 3000 epoch: 3000.0 OC: 18000000.0 SC: 18000000
Iterates Info:
acc: 0.9995 , loss: 0.004022266159512496 , primalF: 0.004022266159512329
||sto grad_x||^2: 1.1829230345498819e-07 ||sto grad_y||^2: 3.8019074320604916e-33
||true grad_x||^2: 1.1829230345498819e-07 ||true grad_y||^2: 0.0
lr_x: 0.46021806880160593 , lr_y: 34.86784401
mu: 0.01 , kappa: 10
{'lr_x': 0.46021806880160593, 'lr_y': 34.86784401, 'b': 6000, 'eps': tensor(0.1794, device='cuda:0', grad_fn=<PowBackward0>), 'N': 1, 'K': 3000, 'real_K': 3000, 'L': 0.028679719907924412, 'mu': 0.01, 'std_x': 0.0, 'std_y': 0.0, 'is_force_b': False, 'method': 'primal_line_search_N_1_AGDA', 'pjx': False, 'pjy': True}
positive number of yi(batch): 6000 max y_i: 0.00016665649414063233 min y_i: 0.00016665649414063233
positive number of yi(total): 6000 max y_i: 0.00016665649414063233 min y_i: 0.00016665649414063233
-----------------------------------------------------------------------------------------------


Contraction 9 successes!!! Gap=-0.002679667945235857, lcondition=1.1829230345498819e-07, rcondition=0.002679786237539312, Phi0=0.6941221803288574, Phik=0.004022266159512329

Phi0 = 0.6887043131185769
-----------------------------------------------------------------------------------------------
Total Complexity:
sim times: 2 iter: 0 epoch: 0 OC: 0 SC: 0
Current Complexity:
iter: 0 epoch: 0 OC: 0 SC: 0
Iterates Info:
acc: 0.5651666666666667 , loss: 0.6887043131185769 , primalF: 0.6887043131185769
||sto grad_x||^2: 0.20378267314380855 ||sto grad_y||^2: 5.2590727014734116e-30
||true grad_x||^2: 0.20378267314380855 ||true grad_y||^2: 5.2590727014734116e-30
lr_x: 7.9143619992218674 , lr_y: 90.0
mu: 0.01 , kappa: 10
{'lr_x': 7.9143619992218674, 'lr_y': 90.0, 'b': 6000, 'eps': tensor(0.0431, device='cuda:0', grad_fn=<PowBackward0>), 'N': 1, 'K': 3000, 'real_K': 3000, 'L': 0.011111111111111112, 'mu': 0.01, 'std_x': 0.0, 'std_y': 0.0, 'is_force_b': False, 'method': 'primal_line_search_N_1_AGDA', 'pjx': False, 'pjy': True}
positive number of yi(batch): 6000 max y_i: 0.00016665649414004946 min y_i: 0.00016665649414004946
positive number of yi(total): 6000 max y_i: 0.00016665649414004946 min y_i: 0.00016665649414004946
-----------------------------------------------------------------------------------------------


contraction 0 fails, the gap is nan
Phi0 = 0.6887043131185769
-----------------------------------------------------------------------------------------------
Total Complexity:
sim times: 2 iter: 3 epoch: 3.0 OC: 18000.0 SC: 18000
Current Complexity:
iter: 0 epoch: 0 OC: 0 SC: 0
Iterates Info:
acc: 0.5651666666666667 , loss: 0.6887043131185769 , primalF: 0.6887043131222472
||sto grad_x||^2: 0.2037826731438085 ||sto grad_y||^2: 6.49268234749804e-30
||true grad_x||^2: 0.2037826731438085 ||true grad_y||^2: 6.49268234749804e-30
lr_x: 5.769569897432742 , lr_y: 81.0
mu: 0.01 , kappa: 10
{'lr_x': 5.769569897432742, 'lr_y': 81.0, 'b': 6000, 'eps': tensor(0.0505, device='cuda:0', grad_fn=<PowBackward0>), 'N': 1, 'K': 3000, 'real_K': 3000, 'L': 0.012345679012345678, 'mu': 0.01, 'std_x': 0.0, 'std_y': 0.0, 'is_force_b': False, 'method': 'primal_line_search_N_1_AGDA', 'pjx': False, 'pjy': True}
positive number of yi(batch): 6000 max y_i: 0.00016665649414004946 min y_i: 0.00016665649414004946
positive number of yi(total): 6000 max y_i: 0.00016665649414004946 min y_i: 0.00016665649414004946
-----------------------------------------------------------------------------------------------


contraction 1 fails, the gap is nan
Phi0 = 0.6887043131185769
-----------------------------------------------------------------------------------------------
Total Complexity:
sim times: 2 iter: 7 epoch: 7.0 OC: 42000.0 SC: 42000
Current Complexity:
iter: 0 epoch: 0 OC: 0 SC: 0
Iterates Info:
acc: 0.5651666666666667 , loss: 0.6887043131185769 , primalF: 0.6887043131185769
||sto grad_x||^2: 0.2037826731438085 ||sto grad_y||^2: 8.015657219133382e-30
||true grad_x||^2: 0.2037826731438085 ||true grad_y||^2: 8.015657219133382e-30
lr_x: 4.20601645522847 , lr_y: 72.9
mu: 0.01 , kappa: 10
{'lr_x': 4.20601645522847, 'lr_y': 72.9, 'b': 6000, 'eps': tensor(0.0591, device='cuda:0', grad_fn=<PowBackward0>), 'N': 1, 'K': 3000, 'real_K': 3000, 'L': 0.013717421124828532, 'mu': 0.01, 'std_x': 0.0, 'std_y': 0.0, 'is_force_b': False, 'method': 'primal_line_search_N_1_AGDA', 'pjx': False, 'pjy': True}
positive number of yi(batch): 6000 max y_i: 0.00016665649414004946 min y_i: 0.00016665649414004946
positive number of yi(total): 6000 max y_i: 0.00016665649414004946 min y_i: 0.00016665649414004946
-----------------------------------------------------------------------------------------------


contraction 2 fails, the gap is nan
Phi0 = 0.6887043131185769
-----------------------------------------------------------------------------------------------
Total Complexity:
sim times: 2 iter: 11 epoch: 11.0 OC: 66000.0 SC: 66000
Current Complexity:
iter: 0 epoch: 0 OC: 0 SC: 0
Iterates Info:
acc: 0.5651666666666667 , loss: 0.6887043131185769 , primalF: 0.6887043131185769
||sto grad_x||^2: 0.2037826731438085 ||sto grad_y||^2: 2.748853641678115e-29
||true grad_x||^2: 0.2037826731438085 ||true grad_y||^2: 2.748853641678115e-29
lr_x: 3.066185995861554 , lr_y: 65.61
mu: 0.01 , kappa: 10
{'lr_x': 3.066185995861554, 'lr_y': 65.61, 'b': 6000, 'eps': tensor(0.0692, device='cuda:0', grad_fn=<PowBackward0>), 'N': 1, 'K': 3000, 'real_K': 3000, 'L': 0.015241579027587257, 'mu': 0.01, 'std_x': 0.0, 'std_y': 0.0, 'is_force_b': False, 'method': 'primal_line_search_N_1_AGDA', 'pjx': False, 'pjy': True}
positive number of yi(batch): 6000 max y_i: 0.00016665649414004946 min y_i: 0.00016665649414004946
positive number of yi(total): 6000 max y_i: 0.00016665649414004946 min y_i: 0.00016665649414004946
-----------------------------------------------------------------------------------------------


contraction 3 fails, the gap is nan
Phi0 = 0.6887043131185769
-----------------------------------------------------------------------------------------------
Total Complexity:
sim times: 2 iter: 16 epoch: 16.0 OC: 96000.0 SC: 96000
Current Complexity:
iter: 0 epoch: 0 OC: 0 SC: 0
Iterates Info:
acc: 0.5651666666666667 , loss: 0.6887043131185769 , primalF: 0.6887043131185769
||sto grad_x||^2: 0.2037826731438085 ||sto grad_y||^2: 1.2217127296347176e-29
||true grad_x||^2: 0.20378267314380855 ||true grad_y||^2: 3.393646471207548e-29
lr_x: 2.2352495909830723 , lr_y: 59.049
mu: 0.01 , kappa: 10
{'lr_x': 2.2352495909830723, 'lr_y': 59.049, 'b': 6000, 'eps': tensor(0.0811, device='cuda:0', grad_fn=<PowBackward0>), 'N': 1, 'K': 3000, 'real_K': 3000, 'L': 0.016935087808430286, 'mu': 0.01, 'std_x': 0.0, 'std_y': 0.0, 'is_force_b': False, 'method': 'primal_line_search_N_1_AGDA', 'pjx': False, 'pjy': True}
positive number of yi(batch): 6000 max y_i: 0.00016665649414004946 min y_i: 0.00016665649414004946
positive number of yi(total): 6000 max y_i: 0.00016665649414004946 min y_i: 0.00016665649414004946
-----------------------------------------------------------------------------------------------


contraction 4 fails, the gap is nan
Phi0 = 0.6887043131185769
-----------------------------------------------------------------------------------------------
Total Complexity:
sim times: 2 iter: 23 epoch: 23.0 OC: 138000.0 SC: 138000
Current Complexity:
iter: 0 epoch: 0 OC: 0 SC: 0
Iterates Info:
acc: 0.5651666666666667 , loss: 0.6887043131185769 , primalF: 0.6887043131222472
||sto grad_x||^2: 0.2037826731438085 ||sto grad_y||^2: 1.5082873205366882e-29
||true grad_x||^2: 0.2037826731438085 ||true grad_y||^2: 1.5082873205366882e-29
lr_x: 1.62949695182666 , lr_y: 53.1441
mu: 0.01 , kappa: 10
{'lr_x': 1.62949695182666, 'lr_y': 53.1441, 'b': 6000, 'eps': tensor(0.0950, device='cuda:0', grad_fn=<PowBackward0>), 'N': 1, 'K': 3000, 'real_K': 3000, 'L': 0.018816764231589206, 'mu': 0.01, 'std_x': 0.0, 'std_y': 0.0, 'is_force_b': False, 'method': 'primal_line_search_N_1_AGDA', 'pjx': False, 'pjy': True}
positive number of yi(batch): 6000 max y_i: 0.00016665649414004946 min y_i: 0.00016665649414004946
positive number of yi(total): 6000 max y_i: 0.00016665649414004946 min y_i: 0.00016665649414004946
-----------------------------------------------------------------------------------------------


contraction 5 fails, the gap is nan
Phi0 = 0.6887043131185769
-----------------------------------------------------------------------------------------------
Total Complexity:
sim times: 2 iter: 29 epoch: 29.0 OC: 174000.0 SC: 174000
Current Complexity:
iter: 0 epoch: 0 OC: 0 SC: 0
Iterates Info:
acc: 0.5651666666666667 , loss: 0.6887043131185769 , primalF: 0.6887043131222472
||sto grad_x||^2: 0.2037826731438085 ||sto grad_y||^2: 1.862083111773689e-29
||true grad_x||^2: 0.2037826731438085 ||true grad_y||^2: 1.862083111773689e-29
lr_x: 1.1879032778816354 , lr_y: 47.82969000000001
mu: 0.01 , kappa: 10
{'lr_x': 1.1879032778816354, 'lr_y': 47.82969000000001, 'b': 6000, 'eps': tensor(0.1112, device='cuda:0', grad_fn=<PowBackward0>), 'N': 1, 'K': 3000, 'real_K': 3000, 'L': 0.020907515812876896, 'mu': 0.01, 'std_x': 0.0, 'std_y': 0.0, 'is_force_b': False, 'method': 'primal_line_search_N_1_AGDA', 'pjx': False, 'pjy': True}
positive number of yi(batch): 6000 max y_i: 0.00016665649414004946 min y_i: 0.00016665649414004946
positive number of yi(total): 6000 max y_i: 0.00016665649414004946 min y_i: 0.00016665649414004946
-----------------------------------------------------------------------------------------------


contraction 6 fails, the gap is nan
Phi0 = 0.6887043131185769
-----------------------------------------------------------------------------------------------
Total Complexity:
sim times: 2 iter: 37 epoch: 37.0 OC: 222000.0 SC: 222000
Current Complexity:
iter: 0 epoch: 0 OC: 0 SC: 0
Iterates Info:
acc: 0.5651666666666667 , loss: 0.6887043131185769 , primalF: 0.6887043131185769
||sto grad_x||^2: 0.2037826731438085 ||sto grad_y||^2: 2.5542978213630856e-30
||true grad_x||^2: 0.2037826731438085 ||true grad_y||^2: 2.5542978213630856e-30
lr_x: 0.8659814895757123 , lr_y: 43.046721000000005
mu: 0.01 , kappa: 10
{'lr_x': 0.8659814895757123, 'lr_y': 43.046721000000005, 'b': 6000, 'eps': tensor(0.1303, device='cuda:0', grad_fn=<PowBackward0>), 'N': 1, 'K': 3000, 'real_K': 3000, 'L': 0.023230573125418773, 'mu': 0.01, 'std_x': 0.0, 'std_y': 0.0, 'is_force_b': False, 'method': 'primal_line_search_N_1_AGDA', 'pjx': False, 'pjy': True}
positive number of yi(batch): 6000 max y_i: 0.00016665649414004946 min y_i: 0.00016665649414004946
positive number of yi(total): 6000 max y_i: 0.00016665649414004946 min y_i: 0.00016665649414004946
-----------------------------------------------------------------------------------------------


contraction 7 fails, the gap is nan
Phi0 = 0.6887043131185769
-----------------------------------------------------------------------------------------------
Total Complexity:
sim times: 2 iter: 47 epoch: 47.0 OC: 282000.0 SC: 282000
Current Complexity:
iter: 0 epoch: 0 OC: 0 SC: 0
Iterates Info:
acc: 0.5651666666666667 , loss: 0.6887043131185769 , primalF: 0.6887043131185769
||sto grad_x||^2: 0.20378267314380855 ||sto grad_y||^2: 3.1534541004482535e-30
||true grad_x||^2: 0.2037826731438085 ||true grad_y||^2: 3.1534541004482535e-30
lr_x: 0.6313005059006941 , lr_y: 38.7420489
mu: 0.01 , kappa: 10
{'lr_x': 0.6313005059006941, 'lr_y': 38.7420489, 'b': 6000, 'eps': tensor(0.1526, device='cuda:0', grad_fn=<PowBackward0>), 'N': 1, 'K': 3000, 'real_K': 3000, 'L': 0.02581174791713197, 'mu': 0.01, 'std_x': 0.0, 'std_y': 0.0, 'is_force_b': False, 'method': 'primal_line_search_N_1_AGDA', 'pjx': False, 'pjy': True}
positive number of yi(batch): 6000 max y_i: 0.00016665649414004946 min y_i: 0.00016665649414004946
positive number of yi(total): 6000 max y_i: 0.00016665649414004946 min y_i: 0.00016665649414004946
-----------------------------------------------------------------------------------------------


contraction 8 fails, the gap is nan
Phi0 = 0.6887043131185769
-----------------------------------------------------------------------------------------------
Total Complexity:
sim times: 2 iter: 74 epoch: 74.0 OC: 444000.0 SC: 444000
Current Complexity:
iter: 0 epoch: 0 OC: 0 SC: 0
Iterates Info:
acc: 0.5651666666666667 , loss: 0.6887043131185769 , primalF: 0.6887043131185769
||sto grad_x||^2: 0.2037826731438085 ||sto grad_y||^2: 3.5038378893869484e-29
||true grad_x||^2: 0.20378267314380855 ||true grad_y||^2: 3.5038378893869484e-29
lr_x: 0.46021806880160593 , lr_y: 34.86784401
mu: 0.01 , kappa: 10
{'lr_x': 0.46021806880160593, 'lr_y': 34.86784401, 'b': 6000, 'eps': tensor(0.1787, device='cuda:0', grad_fn=<PowBackward0>), 'N': 1, 'K': 3000, 'real_K': 3000, 'L': 0.028679719907924412, 'mu': 0.01, 'std_x': 0.0, 'std_y': 0.0, 'is_force_b': False, 'method': 'primal_line_search_N_1_AGDA', 'pjx': False, 'pjy': True}
positive number of yi(batch): 6000 max y_i: 0.00016665649414004946 min y_i: 0.00016665649414004946
positive number of yi(total): 6000 max y_i: 0.00016665649414004946 min y_i: 0.00016665649414004946
-----------------------------------------------------------------------------------------------


-----------------------------------------------------------------------------------------------
Total Complexity:
sim times: 2 iter: 124 epoch: 124.0 OC: 744000.0 SC: 744000
Current Complexity:
iter: 50 epoch: 50.0 OC: 300000.0 SC: 300000
Iterates Info:
acc: 0.9523333333333334 , loss: 0.13359349529816428 , primalF: 0.13359349529780828
||sto grad_x||^2: 0.015108098402559823 ||sto grad_y||^2: 3.8931532104299434e-30
||true grad_x||^2: 0.015108098402559823 ||true grad_y||^2: 0.0
lr_x: 0.46021806880160593 , lr_y: 34.86784401
mu: 0.01 , kappa: 10
{'lr_x': 0.46021806880160593, 'lr_y': 34.86784401, 'b': 6000, 'eps': tensor(0.1787, device='cuda:0', grad_fn=<PowBackward0>), 'N': 1, 'K': 3000, 'real_K': 3000, 'L': 0.028679719907924412, 'mu': 0.01, 'std_x': 0.0, 'std_y': 0.0, 'is_force_b': False, 'method': 'primal_line_search_N_1_AGDA', 'pjx': False, 'pjy': True}
positive number of yi(batch): 6000 max y_i: 0.00016665649414093764 min y_i: 0.00016665649414093764
positive number of yi(total): 6000 max y_i: 0.00016665649414093764 min y_i: 0.00016665649414093764
-----------------------------------------------------------------------------------------------


-----------------------------------------------------------------------------------------------
Total Complexity:
sim times: 2 iter: 174 epoch: 174.0 OC: 1044000.0 SC: 1044000
Current Complexity:
iter: 100 epoch: 100.0 OC: 600000.0 SC: 600000
Iterates Info:
acc: 0.9763333333333334 , loss: 0.07432447479280914 , primalF: 0.07432447479285864
||sto grad_x||^2: 0.0027857876565265762 ||sto grad_y||^2: 9.732883026074858e-31
||true grad_x||^2: 0.0027857876565265762 ||true grad_y||^2: 9.732883026074858e-31
lr_x: 0.46021806880160593 , lr_y: 34.86784401
mu: 0.01 , kappa: 10
{'lr_x': 0.46021806880160593, 'lr_y': 34.86784401, 'b': 6000, 'eps': tensor(0.1787, device='cuda:0', grad_fn=<PowBackward0>), 'N': 1, 'K': 3000, 'real_K': 3000, 'L': 0.028679719907924412, 'mu': 0.01, 'std_x': 0.0, 'std_y': 0.0, 'is_force_b': False, 'method': 'primal_line_search_N_1_AGDA', 'pjx': False, 'pjy': True}
positive number of yi(batch): 6000 max y_i: 0.00016665649414049355 min y_i: 0.00016665649414049355
positive number of yi(total): 6000 max y_i: 0.00016665649414049355 min y_i: 0.00016665649414049355
-----------------------------------------------------------------------------------------------


contraction 9 fails, the gap is nan
Phi0 = 0.6887043131185769
-----------------------------------------------------------------------------------------------
Total Complexity:
sim times: 2 iter: 213 epoch: 213.0 OC: 1278000.0 SC: 1278000
Current Complexity:
iter: 0 epoch: 0 OC: 0 SC: 0
Iterates Info:
acc: 0.5651666666666667 , loss: 0.6887043131185769 , primalF: 0.6887043131185769
||sto grad_x||^2: 0.2037826731438085 ||sto grad_y||^2: 4.3257257893666036e-29
||true grad_x||^2: 0.2037826731438085 ||true grad_y||^2: 4.3257257893666036e-29
lr_x: 0.33549897215637076 , lr_y: 31.381059609
mu: 0.01 , kappa: 10
{'lr_x': 0.33549897215637076, 'lr_y': 31.381059609, 'b': 6000, 'eps': tensor(0.2093, device='cuda:0', grad_fn=<PowBackward0>), 'N': 1, 'K': 3000, 'real_K': 3000, 'L': 0.03186635545324935, 'mu': 0.01, 'std_x': 0.0, 'std_y': 0.0, 'is_force_b': False, 'method': 'primal_line_search_N_1_AGDA', 'pjx': False, 'pjy': True}
positive number of yi(batch): 6000 max y_i: 0.00016665649414004946 min y_i: 0.00016665649414004946
positive number of yi(total): 6000 max y_i: 0.00016665649414004946 min y_i: 0.00016665649414004946
-----------------------------------------------------------------------------------------------


-----------------------------------------------------------------------------------------------
Total Complexity:
sim times: 2 iter: 263 epoch: 263.0 OC: 1578000.0 SC: 1578000
Current Complexity:
iter: 50 epoch: 50.0 OC: 300000.0 SC: 300000
Iterates Info:
acc: 0.9551666666666667 , loss: 0.1278157406533868 , primalF: 0.1278157406530462
||sto grad_x||^2: 0.009053140599547076 ||sto grad_y||^2: 4.806361988185115e-30
||true grad_x||^2: 0.009053140599547076 ||true grad_y||^2: 0.0
lr_x: 0.33549897215637076 , lr_y: 31.381059609
mu: 0.01 , kappa: 10
{'lr_x': 0.33549897215637076, 'lr_y': 31.381059609, 'b': 6000, 'eps': tensor(0.2093, device='cuda:0', grad_fn=<PowBackward0>), 'N': 1, 'K': 3000, 'real_K': 3000, 'L': 0.03186635545324935, 'mu': 0.01, 'std_x': 0.0, 'std_y': 0.0, 'is_force_b': False, 'method': 'primal_line_search_N_1_AGDA', 'pjx': False, 'pjy': True}
positive number of yi(batch): 6000 max y_i: 0.00016665649414093764 min y_i: 0.00016665649414093764
positive number of yi(total): 6000 max y_i: 0.00016665649414093764 min y_i: 0.00016665649414093764
-----------------------------------------------------------------------------------------------


-----------------------------------------------------------------------------------------------
Total Complexity:
sim times: 2 iter: 313 epoch: 313.0 OC: 1878000.0 SC: 1878000
Current Complexity:
iter: 100 epoch: 100.0 OC: 600000.0 SC: 600000
Iterates Info:
acc: 0.9725 , loss: 0.08515049488886993 , primalF: 0.08515049488869975
||sto grad_x||^2: 0.0035184486209569356 ||sto grad_y||^2: 1.2015904970462787e-30
||true grad_x||^2: 0.0035184486209569356 ||true grad_y||^2: 0.0
lr_x: 0.33549897215637076 , lr_y: 31.381059609
mu: 0.01 , kappa: 10
{'lr_x': 0.33549897215637076, 'lr_y': 31.381059609, 'b': 6000, 'eps': tensor(0.2093, device='cuda:0', grad_fn=<PowBackward0>), 'N': 1, 'K': 3000, 'real_K': 3000, 'L': 0.03186635545324935, 'mu': 0.01, 'std_x': 0.0, 'std_y': 0.0, 'is_force_b': False, 'method': 'primal_line_search_N_1_AGDA', 'pjx': False, 'pjy': True}
positive number of yi(batch): 6000 max y_i: 0.00016665649414093764 min y_i: 0.00016665649414093764
positive number of yi(total): 6000 max y_i: 0.00016665649414093764 min y_i: 0.00016665649414093764
-----------------------------------------------------------------------------------------------


-----------------------------------------------------------------------------------------------
Total Complexity:
sim times: 2 iter: 363 epoch: 363.0 OC: 2178000.0 SC: 2178000
Current Complexity:
iter: 150 epoch: 150.0 OC: 900000.0 SC: 900000
Iterates Info:
acc: 0.9896666666666667 , loss: 0.04116456643768821 , primalF: 0.041164566437660796
||sto grad_x||^2: 0.001979403133436001 ||sto grad_y||^2: 3.0039762426156967e-31
||true grad_x||^2: 0.001979403133436001 ||true grad_y||^2: 0.0
lr_x: 0.33549897215637076 , lr_y: 31.381059609
mu: 0.01 , kappa: 10
{'lr_x': 0.33549897215637076, 'lr_y': 31.381059609, 'b': 6000, 'eps': tensor(0.2093, device='cuda:0', grad_fn=<PowBackward0>), 'N': 1, 'K': 3000, 'real_K': 3000, 'L': 0.03186635545324935, 'mu': 0.01, 'std_x': 0.0, 'std_y': 0.0, 'is_force_b': False, 'method': 'primal_line_search_N_1_AGDA', 'pjx': False, 'pjy': True}
positive number of yi(batch): 6000 max y_i: 0.0001666564941407156 min y_i: 0.0001666564941407156
positive number of yi(total): 6000 max y_i: 0.0001666564941407156 min y_i: 0.0001666564941407156
-----------------------------------------------------------------------------------------------


-----------------------------------------------------------------------------------------------
Total Complexity:
sim times: 2 iter: 413 epoch: 413.0 OC: 2478000.0 SC: 2478000
Current Complexity:
iter: 200 epoch: 200.0 OC: 1200000.0 SC: 1200000
Iterates Info:
acc: 0.9496666666666667 , loss: 0.13657575522570387 , primalF: 0.1365757552260678
||sto grad_x||^2: 0.018223727065306426 ||sto grad_y||^2: 4.806361988185115e-30
||true grad_x||^2: 0.018223727065306426 ||true grad_y||^2: 4.806361988185115e-30
lr_x: 0.33549897215637076 , lr_y: 31.381059609
mu: 0.01 , kappa: 10
{'lr_x': 0.33549897215637076, 'lr_y': 31.381059609, 'b': 6000, 'eps': tensor(0.2093, device='cuda:0', grad_fn=<PowBackward0>), 'N': 1, 'K': 3000, 'real_K': 3000, 'L': 0.03186635545324935, 'mu': 0.01, 'std_x': 0.0, 'std_y': 0.0, 'is_force_b': False, 'method': 'primal_line_search_N_1_AGDA', 'pjx': False, 'pjy': True}
positive number of yi(batch): 6000 max y_i: 0.00016665649414004946 min y_i: 0.00016665649414004946
positive number of yi(total): 6000 max y_i: 0.00016665649414004946 min y_i: 0.00016665649414004946
-----------------------------------------------------------------------------------------------


-----------------------------------------------------------------------------------------------
Total Complexity:
sim times: 2 iter: 463 epoch: 463.0 OC: 2778000.0 SC: 2778000
Current Complexity:
iter: 250 epoch: 250.0 OC: 1500000.0 SC: 1500000
Iterates Info:
acc: 0.9913333333333333 , loss: 0.03797820571452119 , primalF: 0.03797820571450854
||sto grad_x||^2: 0.002228154264978365 ||sto grad_y||^2: 3.0039762426156967e-31
||true grad_x||^2: 0.002228154264978365 ||true grad_y||^2: 3.0039762426156967e-31
lr_x: 0.33549897215637076 , lr_y: 31.381059609
mu: 0.01 , kappa: 10
{'lr_x': 0.33549897215637076, 'lr_y': 31.381059609, 'b': 6000, 'eps': tensor(0.2093, device='cuda:0', grad_fn=<PowBackward0>), 'N': 1, 'K': 3000, 'real_K': 3000, 'L': 0.03186635545324935, 'mu': 0.01, 'std_x': 0.0, 'std_y': 0.0, 'is_force_b': False, 'method': 'primal_line_search_N_1_AGDA', 'pjx': False, 'pjy': True}
positive number of yi(batch): 6000 max y_i: 0.0001666564941407156 min y_i: 0.0001666564941407156
positive number of yi(total): 6000 max y_i: 0.0001666564941407156 min y_i: 0.0001666564941407156
-----------------------------------------------------------------------------------------------


-----------------------------------------------------------------------------------------------
Total Complexity:
sim times: 2 iter: 513 epoch: 513.0 OC: 3078000.0 SC: 3078000
Current Complexity:
iter: 300 epoch: 300.0 OC: 1800000.0 SC: 1800000
Iterates Info:
acc: 0.979 , loss: 0.0647276027433566 , primalF: 0.06472760274339971
||sto grad_x||^2: 0.004600117459254118 ||sto grad_y||^2: 1.2015904970462787e-30
||true grad_x||^2: 0.004600117459254118 ||true grad_y||^2: 1.2015904970462787e-30
lr_x: 0.33549897215637076 , lr_y: 31.381059609
mu: 0.01 , kappa: 10
{'lr_x': 0.33549897215637076, 'lr_y': 31.381059609, 'b': 6000, 'eps': tensor(0.2093, device='cuda:0', grad_fn=<PowBackward0>), 'N': 1, 'K': 3000, 'real_K': 3000, 'L': 0.03186635545324935, 'mu': 0.01, 'std_x': 0.0, 'std_y': 0.0, 'is_force_b': False, 'method': 'primal_line_search_N_1_AGDA', 'pjx': False, 'pjy': True}
positive number of yi(batch): 6000 max y_i: 0.00016665649414049355 min y_i: 0.00016665649414049355
positive number of yi(total): 6000 max y_i: 0.00016665649414049355 min y_i: 0.00016665649414049355
-----------------------------------------------------------------------------------------------


-----------------------------------------------------------------------------------------------
Total Complexity:
sim times: 2 iter: 563 epoch: 563.0 OC: 3378000.0 SC: 3378000
Current Complexity:
iter: 350 epoch: 350.0 OC: 2100000.0 SC: 2100000
Iterates Info:
acc: 0.9416666666666667 , loss: 0.27961309797803063 , primalF: 0.2796130979772856
||sto grad_x||^2: 0.554073317700784 ||sto grad_y||^2: 0.0
||true grad_x||^2: 0.554073317700784 ||true grad_y||^2: 0.0
lr_x: 0.33549897215637076 , lr_y: 31.381059609
mu: 0.01 , kappa: 10
{'lr_x': 0.33549897215637076, 'lr_y': 31.381059609, 'b': 6000, 'eps': tensor(0.2093, device='cuda:0', grad_fn=<PowBackward0>), 'N': 1, 'K': 3000, 'real_K': 3000, 'L': 0.03186635545324935, 'mu': 0.01, 'std_x': 0.0, 'std_y': 0.0, 'is_force_b': False, 'method': 'primal_line_search_N_1_AGDA', 'pjx': False, 'pjy': True}
positive number of yi(batch): 6000 max y_i: 0.00016665649414093764 min y_i: 0.00016665649414093764
positive number of yi(total): 6000 max y_i: 0.00016665649414093764 min y_i: 0.00016665649414093764
-----------------------------------------------------------------------------------------------


-----------------------------------------------------------------------------------------------
Total Complexity:
sim times: 2 iter: 613 epoch: 613.0 OC: 3678000.0 SC: 3678000
Current Complexity:
iter: 400 epoch: 400.0 OC: 2400000.0 SC: 2400000
Iterates Info:
acc: 0.9931666666666666 , loss: 0.029264948159270766 , primalF: 0.02926494815928052
||sto grad_x||^2: 0.0014895045727999067 ||sto grad_y||^2: 0.0
||true grad_x||^2: 0.0014895045727999067 ||true grad_y||^2: 0.0
lr_x: 0.33549897215637076 , lr_y: 31.381059609
mu: 0.01 , kappa: 10
{'lr_x': 0.33549897215637076, 'lr_y': 31.381059609, 'b': 6000, 'eps': tensor(0.2093, device='cuda:0', grad_fn=<PowBackward0>), 'N': 1, 'K': 3000, 'real_K': 3000, 'L': 0.03186635545324935, 'mu': 0.01, 'std_x': 0.0, 'std_y': 0.0, 'is_force_b': False, 'method': 'primal_line_search_N_1_AGDA', 'pjx': False, 'pjy': True}
positive number of yi(batch): 6000 max y_i: 0.00016665649414060457 min y_i: 0.00016665649414060457
positive number of yi(total): 6000 max y_i: 0.00016665649414060457 min y_i: 0.00016665649414060457
-----------------------------------------------------------------------------------------------


-----------------------------------------------------------------------------------------------
Total Complexity:
sim times: 2 iter: 663 epoch: 663.0 OC: 3978000.0 SC: 3978000
Current Complexity:
iter: 450 epoch: 450.0 OC: 2700000.0 SC: 2700000
Iterates Info:
acc: 0.9983333333333333 , loss: 0.013333792770537601 , primalF: 0.013333792770537601
||sto grad_x||^2: 0.0005954562962341732 ||sto grad_y||^2: 1.8774851516348104e-32
||true grad_x||^2: 0.0005954562962341732 ||true grad_y||^2: 0.0
lr_x: 0.33549897215637076 , lr_y: 31.381059609
mu: 0.01 , kappa: 10
{'lr_x': 0.33549897215637076, 'lr_y': 31.381059609, 'b': 6000, 'eps': tensor(0.2093, device='cuda:0', grad_fn=<PowBackward0>), 'N': 1, 'K': 3000, 'real_K': 3000, 'L': 0.03186635545324935, 'mu': 0.01, 'std_x': 0.0, 'std_y': 0.0, 'is_force_b': False, 'method': 'primal_line_search_N_1_AGDA', 'pjx': False, 'pjy': True}
positive number of yi(batch): 6000 max y_i: 0.00016665649414066008 min y_i: 0.00016665649414066008
positive number of yi(total): 6000 max y_i: 0.00016665649414066008 min y_i: 0.00016665649414066008
-----------------------------------------------------------------------------------------------


-----------------------------------------------------------------------------------------------
Total Complexity:
sim times: 2 iter: 713 epoch: 713.0 OC: 4278000.0 SC: 4278000
Current Complexity:
iter: 500 epoch: 500.0 OC: 3000000.0 SC: 3000000
Iterates Info:
acc: 0.999 , loss: 0.006381553791226725 , primalF: 0.006381553791225661
||sto grad_x||^2: 0.0002676264002851246 ||sto grad_y||^2: 4.693712879087026e-33
||true grad_x||^2: 0.0002676264002851246 ||true grad_y||^2: 4.693712879087026e-33
lr_x: 0.33549897215637076 , lr_y: 31.381059609
mu: 0.01 , kappa: 10
{'lr_x': 0.33549897215637076, 'lr_y': 31.381059609, 'b': 6000, 'eps': tensor(0.2093, device='cuda:0', grad_fn=<PowBackward0>), 'N': 1, 'K': 3000, 'real_K': 3000, 'L': 0.03186635545324935, 'mu': 0.01, 'std_x': 0.0, 'std_y': 0.0, 'is_force_b': False, 'method': 'primal_line_search_N_1_AGDA', 'pjx': False, 'pjy': True}
positive number of yi(batch): 6000 max y_i: 0.00016665649414066008 min y_i: 0.00016665649414066008
positive number of yi(total): 6000 max y_i: 0.00016665649414066008 min y_i: 0.00016665649414066008
-----------------------------------------------------------------------------------------------


-----------------------------------------------------------------------------------------------
Total Complexity:
sim times: 2 iter: 763 epoch: 763.0 OC: 4578000.0 SC: 4578000
Current Complexity:
iter: 550 epoch: 550.0 OC: 3300000.0 SC: 3300000
Iterates Info:
acc: 0.9998333333333334 , loss: 0.0036281111138519668 , primalF: 0.0036281111138522695
||sto grad_x||^2: 8.948871147179558e-05 ||sto grad_y||^2: 0.0
||true grad_x||^2: 8.948871147179558e-05 ||true grad_y||^2: 0.0
lr_x: 0.33549897215637076 , lr_y: 31.381059609
mu: 0.01 , kappa: 10
{'lr_x': 0.33549897215637076, 'lr_y': 31.381059609, 'b': 6000, 'eps': tensor(0.2093, device='cuda:0', grad_fn=<PowBackward0>), 'N': 1, 'K': 3000, 'real_K': 3000, 'L': 0.03186635545324935, 'mu': 0.01, 'std_x': 0.0, 'std_y': 0.0, 'is_force_b': False, 'method': 'primal_line_search_N_1_AGDA', 'pjx': False, 'pjy': True}
positive number of yi(batch): 6000 max y_i: 0.00016665649414061845 min y_i: 0.00016665649414061845
positive number of yi(total): 6000 max y_i: 0.00016665649414061845 min y_i: 0.00016665649414061845
-----------------------------------------------------------------------------------------------


-----------------------------------------------------------------------------------------------
Total Complexity:
sim times: 2 iter: 813 epoch: 813.0 OC: 4878000.0 SC: 4878000
Current Complexity:
iter: 600 epoch: 600.0 OC: 3600000.0 SC: 3600000
Iterates Info:
acc: 0.9998333333333334 , loss: 0.00245780105012274 , primalF: 0.002457801050122843
||sto grad_x||^2: 6.304141073216205e-05 ||sto grad_y||^2: 0.0
||true grad_x||^2: 6.304141073216202e-05 ||true grad_y||^2: 0.0
lr_x: 0.33549897215637076 , lr_y: 31.381059609
mu: 0.01 , kappa: 10
{'lr_x': 0.33549897215637076, 'lr_y': 31.381059609, 'b': 6000, 'eps': tensor(0.2093, device='cuda:0', grad_fn=<PowBackward0>), 'N': 1, 'K': 3000, 'real_K': 3000, 'L': 0.03186635545324935, 'mu': 0.01, 'std_x': 0.0, 'std_y': 0.0, 'is_force_b': False, 'method': 'primal_line_search_N_1_AGDA', 'pjx': False, 'pjy': True}
positive number of yi(batch): 6000 max y_i: 0.00016665649414061845 min y_i: 0.00016665649414061845
positive number of yi(total): 6000 max y_i: 0.00016665649414061845 min y_i: 0.00016665649414061845
-----------------------------------------------------------------------------------------------


-----------------------------------------------------------------------------------------------
Total Complexity:
sim times: 2 iter: 863 epoch: 863.0 OC: 5178000.0 SC: 5178000
Current Complexity:
iter: 650 epoch: 650.0 OC: 3900000.0 SC: 3900000
Iterates Info:
acc: 0.9998333333333334 , loss: 0.0014085196645931906 , primalF: 0.0014085196645931906
||sto grad_x||^2: 5.525346235264656e-05 ||sto grad_y||^2: 2.9335705494293913e-34
||true grad_x||^2: 5.525346235264656e-05 ||true grad_y||^2: 2.9335705494293913e-34
lr_x: 0.33549897215637076 , lr_y: 31.381059609
mu: 0.01 , kappa: 10
{'lr_x': 0.33549897215637076, 'lr_y': 31.381059609, 'b': 6000, 'eps': tensor(0.2093, device='cuda:0', grad_fn=<PowBackward0>), 'N': 1, 'K': 3000, 'real_K': 3000, 'L': 0.03186635545324935, 'mu': 0.01, 'std_x': 0.0, 'std_y': 0.0, 'is_force_b': False, 'method': 'primal_line_search_N_1_AGDA', 'pjx': False, 'pjy': True}
positive number of yi(batch): 6000 max y_i: 0.0001666564941406254 min y_i: 0.0001666564941406254
positive number of yi(total): 6000 max y_i: 0.0001666564941406254 min y_i: 0.0001666564941406254
-----------------------------------------------------------------------------------------------


-----------------------------------------------------------------------------------------------
Total Complexity:
sim times: 2 iter: 913 epoch: 913.0 OC: 5478000.0 SC: 5478000
Current Complexity:
iter: 700 epoch: 700.0 OC: 4200000.0 SC: 4200000
Iterates Info:
acc: 1.0 , loss: 0.0008997952368064506 , primalF: 0.0008997952368064694
||sto grad_x||^2: 1.6473886528267158e-05 ||sto grad_y||^2: 0.0
||true grad_x||^2: 1.6473886528267158e-05 ||true grad_y||^2: 0.0
lr_x: 0.33549897215637076 , lr_y: 31.381059609
mu: 0.01 , kappa: 10
{'lr_x': 0.33549897215637076, 'lr_y': 31.381059609, 'b': 6000, 'eps': tensor(0.2093, device='cuda:0', grad_fn=<PowBackward0>), 'N': 1, 'K': 3000, 'real_K': 3000, 'L': 0.03186635545324935, 'mu': 0.01, 'std_x': 0.0, 'std_y': 0.0, 'is_force_b': False, 'method': 'primal_line_search_N_1_AGDA', 'pjx': False, 'pjy': True}
positive number of yi(batch): 6000 max y_i: 0.00016665649414062192 min y_i: 0.00016665649414062192
positive number of yi(total): 6000 max y_i: 0.00016665649414062192 min y_i: 0.00016665649414062192
-----------------------------------------------------------------------------------------------


-----------------------------------------------------------------------------------------------
Total Complexity:
sim times: 2 iter: 963 epoch: 963.0 OC: 5778000.0 SC: 5778000
Current Complexity:
iter: 750 epoch: 750.0 OC: 4500000.0 SC: 4500000
Iterates Info:
acc: 1.0 , loss: 0.0006921888944642448 , primalF: 0.0006921888944642448
||sto grad_x||^2: 9.423741993910583e-06 ||sto grad_y||^2: 0.0
||true grad_x||^2: 9.423741993910583e-06 ||true grad_y||^2: 0.0
lr_x: 0.33549897215637076 , lr_y: 31.381059609
mu: 0.01 , kappa: 10
{'lr_x': 0.33549897215637076, 'lr_y': 31.381059609, 'b': 6000, 'eps': tensor(0.2093, device='cuda:0', grad_fn=<PowBackward0>), 'N': 1, 'K': 3000, 'real_K': 3000, 'L': 0.03186635545324935, 'mu': 0.01, 'std_x': 0.0, 'std_y': 0.0, 'is_force_b': False, 'method': 'primal_line_search_N_1_AGDA', 'pjx': False, 'pjy': True}
positive number of yi(batch): 6000 max y_i: 0.0001666564941406254 min y_i: 0.0001666564941406254
positive number of yi(total): 6000 max y_i: 0.0001666564941406254 min y_i: 0.0001666564941406254
-----------------------------------------------------------------------------------------------


-----------------------------------------------------------------------------------------------
Total Complexity:
sim times: 2 iter: 1013 epoch: 1013.0 OC: 6078000.0 SC: 6078000
Current Complexity:
iter: 800 epoch: 800.0 OC: 4800000.0 SC: 4800000
Iterates Info:
acc: 1.0 , loss: 0.00056259456994701 , primalF: 0.00056259456994701
||sto grad_x||^2: 6.3220599805261515e-06 ||sto grad_y||^2: 0.0
||true grad_x||^2: 6.3220599805261515e-06 ||true grad_y||^2: 0.0
lr_x: 0.33549897215637076 , lr_y: 31.381059609
mu: 0.01 , kappa: 10
{'lr_x': 0.33549897215637076, 'lr_y': 31.381059609, 'b': 6000, 'eps': tensor(0.2093, device='cuda:0', grad_fn=<PowBackward0>), 'N': 1, 'K': 3000, 'real_K': 3000, 'L': 0.03186635545324935, 'mu': 0.01, 'std_x': 0.0, 'std_y': 0.0, 'is_force_b': False, 'method': 'primal_line_search_N_1_AGDA', 'pjx': False, 'pjy': True}
positive number of yi(batch): 6000 max y_i: 0.0001666564941406254 min y_i: 0.0001666564941406254
positive number of yi(total): 6000 max y_i: 0.0001666564941406254 min y_i: 0.0001666564941406254
-----------------------------------------------------------------------------------------------


-----------------------------------------------------------------------------------------------
Total Complexity:
sim times: 2 iter: 1063 epoch: 1063.0 OC: 6378000.0 SC: 6378000
Current Complexity:
iter: 850 epoch: 850.0 OC: 5100000.0 SC: 5100000
Iterates Info:
acc: 1.0 , loss: 0.00047245284892163047 , primalF: 0.00047245284892162803
||sto grad_x||^2: 4.552672677831698e-06 ||sto grad_y||^2: 0.0
||true grad_x||^2: 4.552672677831698e-06 ||true grad_y||^2: 0.0
lr_x: 0.33549897215637076 , lr_y: 31.381059609
mu: 0.01 , kappa: 10
{'lr_x': 0.33549897215637076, 'lr_y': 31.381059609, 'b': 6000, 'eps': tensor(0.2093, device='cuda:0', grad_fn=<PowBackward0>), 'N': 1, 'K': 3000, 'real_K': 3000, 'L': 0.03186635545324935, 'mu': 0.01, 'std_x': 0.0, 'std_y': 0.0, 'is_force_b': False, 'method': 'primal_line_search_N_1_AGDA', 'pjx': False, 'pjy': True}
positive number of yi(batch): 6000 max y_i: 0.0001666564941406254 min y_i: 0.0001666564941406254
positive number of yi(total): 6000 max y_i: 0.0001666564941406254 min y_i: 0.0001666564941406254
-----------------------------------------------------------------------------------------------


-----------------------------------------------------------------------------------------------
Total Complexity:
sim times: 2 iter: 1113 epoch: 1113.0 OC: 6678000.0 SC: 6678000
Current Complexity:
iter: 900 epoch: 900.0 OC: 5400000.0 SC: 5400000
Iterates Info:
acc: 1.0 , loss: 0.00040604392077645517 , primalF: 0.00040604392077645517
||sto grad_x||^2: 3.431910185787911e-06 ||sto grad_y||^2: 0.0
||true grad_x||^2: 3.431910185787911e-06 ||true grad_y||^2: 0.0
lr_x: 0.33549897215637076 , lr_y: 31.381059609
mu: 0.01 , kappa: 10
{'lr_x': 0.33549897215637076, 'lr_y': 31.381059609, 'b': 6000, 'eps': tensor(0.2093, device='cuda:0', grad_fn=<PowBackward0>), 'N': 1, 'K': 3000, 'real_K': 3000, 'L': 0.03186635545324935, 'mu': 0.01, 'std_x': 0.0, 'std_y': 0.0, 'is_force_b': False, 'method': 'primal_line_search_N_1_AGDA', 'pjx': False, 'pjy': True}
positive number of yi(batch): 6000 max y_i: 0.0001666564941406254 min y_i: 0.0001666564941406254
positive number of yi(total): 6000 max y_i: 0.0001666564941406254 min y_i: 0.0001666564941406254
-----------------------------------------------------------------------------------------------


-----------------------------------------------------------------------------------------------
Total Complexity:
sim times: 2 iter: 1163 epoch: 1163.0 OC: 6978000.0 SC: 6978000
Current Complexity:
iter: 950 epoch: 950.0 OC: 5700000.0 SC: 5700000
Iterates Info:
acc: 1.0 , loss: 0.0003551391163612085 , primalF: 0.00035513911636120765
||sto grad_x||^2: 2.675876371519883e-06 ||sto grad_y||^2: 0.0
||true grad_x||^2: 2.675876371519883e-06 ||true grad_y||^2: 0.0
lr_x: 0.33549897215637076 , lr_y: 31.381059609
mu: 0.01 , kappa: 10
{'lr_x': 0.33549897215637076, 'lr_y': 31.381059609, 'b': 6000, 'eps': tensor(0.2093, device='cuda:0', grad_fn=<PowBackward0>), 'N': 1, 'K': 3000, 'real_K': 3000, 'L': 0.03186635545324935, 'mu': 0.01, 'std_x': 0.0, 'std_y': 0.0, 'is_force_b': False, 'method': 'primal_line_search_N_1_AGDA', 'pjx': False, 'pjy': True}
positive number of yi(batch): 6000 max y_i: 0.0001666564941406254 min y_i: 0.0001666564941406254
positive number of yi(total): 6000 max y_i: 0.0001666564941406254 min y_i: 0.0001666564941406254
-----------------------------------------------------------------------------------------------


-----------------------------------------------------------------------------------------------
Total Complexity:
sim times: 2 iter: 1213 epoch: 1213.0 OC: 7278000.0 SC: 7278000
Current Complexity:
iter: 1000 epoch: 1000.0 OC: 6000000.0 SC: 6000000
Iterates Info:
acc: 1.0 , loss: 0.00031493149088948933 , primalF: 0.0003149314908894885
||sto grad_x||^2: 2.141659700605531e-06 ||sto grad_y||^2: 0.0
||true grad_x||^2: 2.141659700605531e-06 ||true grad_y||^2: 0.0
lr_x: 0.33549897215637076 , lr_y: 31.381059609
mu: 0.01 , kappa: 10
{'lr_x': 0.33549897215637076, 'lr_y': 31.381059609, 'b': 6000, 'eps': tensor(0.2093, device='cuda:0', grad_fn=<PowBackward0>), 'N': 1, 'K': 3000, 'real_K': 3000, 'L': 0.03186635545324935, 'mu': 0.01, 'std_x': 0.0, 'std_y': 0.0, 'is_force_b': False, 'method': 'primal_line_search_N_1_AGDA', 'pjx': False, 'pjy': True}
positive number of yi(batch): 6000 max y_i: 0.0001666564941406254 min y_i: 0.0001666564941406254
positive number of yi(total): 6000 max y_i: 0.0001666564941406254 min y_i: 0.0001666564941406254
-----------------------------------------------------------------------------------------------


-----------------------------------------------------------------------------------------------
Total Complexity:
sim times: 2 iter: 1263 epoch: 1263.0 OC: 7578000.0 SC: 7578000
Current Complexity:
iter: 1050 epoch: 1050.0 OC: 6300000.0 SC: 6300000
Iterates Info:
acc: 1.0 , loss: 0.0002824164638857746 , primalF: 0.0002824164638857739
||sto grad_x||^2: 1.7502606814176916e-06 ||sto grad_y||^2: 0.0
||true grad_x||^2: 1.7502606814176916e-06 ||true grad_y||^2: 0.0
lr_x: 0.33549897215637076 , lr_y: 31.381059609
mu: 0.01 , kappa: 10
{'lr_x': 0.33549897215637076, 'lr_y': 31.381059609, 'b': 6000, 'eps': tensor(0.2093, device='cuda:0', grad_fn=<PowBackward0>), 'N': 1, 'K': 3000, 'real_K': 3000, 'L': 0.03186635545324935, 'mu': 0.01, 'std_x': 0.0, 'std_y': 0.0, 'is_force_b': False, 'method': 'primal_line_search_N_1_AGDA', 'pjx': False, 'pjy': True}
positive number of yi(batch): 6000 max y_i: 0.0001666564941406254 min y_i: 0.0001666564941406254
positive number of yi(total): 6000 max y_i: 0.0001666564941406254 min y_i: 0.0001666564941406254
-----------------------------------------------------------------------------------------------


-----------------------------------------------------------------------------------------------
Total Complexity:
sim times: 2 iter: 1313 epoch: 1313.0 OC: 7878000.0 SC: 7878000
Current Complexity:
iter: 1100 epoch: 1100.0 OC: 6600000.0 SC: 6600000
Iterates Info:
acc: 1.0 , loss: 0.000255616448870071 , primalF: 0.0002556164488700703
||sto grad_x||^2: 1.4553079024478894e-06 ||sto grad_y||^2: 0.0
||true grad_x||^2: 1.4553079024478894e-06 ||true grad_y||^2: 0.0
lr_x: 0.33549897215637076 , lr_y: 31.381059609
mu: 0.01 , kappa: 10
{'lr_x': 0.33549897215637076, 'lr_y': 31.381059609, 'b': 6000, 'eps': tensor(0.2093, device='cuda:0', grad_fn=<PowBackward0>), 'N': 1, 'K': 3000, 'real_K': 3000, 'L': 0.03186635545324935, 'mu': 0.01, 'std_x': 0.0, 'std_y': 0.0, 'is_force_b': False, 'method': 'primal_line_search_N_1_AGDA', 'pjx': False, 'pjy': True}
positive number of yi(batch): 6000 max y_i: 0.0001666564941406254 min y_i: 0.0001666564941406254
positive number of yi(total): 6000 max y_i: 0.0001666564941406254 min y_i: 0.0001666564941406254
-----------------------------------------------------------------------------------------------


-----------------------------------------------------------------------------------------------
Total Complexity:
sim times: 2 iter: 1363 epoch: 1363.0 OC: 8178000.0 SC: 8178000
Current Complexity:
iter: 1150 epoch: 1150.0 OC: 6900000.0 SC: 6900000
Iterates Info:
acc: 1.0 , loss: 0.0002331719233991257 , primalF: 0.0002331719233991251
||sto grad_x||^2: 1.2277768540679892e-06 ||sto grad_y||^2: 0.0
||true grad_x||^2: 1.2277768540679892e-06 ||true grad_y||^2: 0.0
lr_x: 0.33549897215637076 , lr_y: 31.381059609
mu: 0.01 , kappa: 10
{'lr_x': 0.33549897215637076, 'lr_y': 31.381059609, 'b': 6000, 'eps': tensor(0.2093, device='cuda:0', grad_fn=<PowBackward0>), 'N': 1, 'K': 3000, 'real_K': 3000, 'L': 0.03186635545324935, 'mu': 0.01, 'std_x': 0.0, 'std_y': 0.0, 'is_force_b': False, 'method': 'primal_line_search_N_1_AGDA', 'pjx': False, 'pjy': True}
positive number of yi(batch): 6000 max y_i: 0.0001666564941406254 min y_i: 0.0001666564941406254
positive number of yi(total): 6000 max y_i: 0.0001666564941406254 min y_i: 0.0001666564941406254
-----------------------------------------------------------------------------------------------


-----------------------------------------------------------------------------------------------
Total Complexity:
sim times: 2 iter: 1413 epoch: 1413.0 OC: 8478000.0 SC: 8478000
Current Complexity:
iter: 1200 epoch: 1200.0 OC: 7200000.0 SC: 7200000
Iterates Info:
acc: 1.0 , loss: 0.00021412064773504373 , primalF: 0.00021412064773504316
||sto grad_x||^2: 1.048697473281401e-06 ||sto grad_y||^2: 0.0
||true grad_x||^2: 1.048697473281401e-06 ||true grad_y||^2: 4.583703983483424e-36
lr_x: 0.33549897215637076 , lr_y: 31.381059609
mu: 0.01 , kappa: 10
{'lr_x': 0.33549897215637076, 'lr_y': 31.381059609, 'b': 6000, 'eps': tensor(0.2093, device='cuda:0', grad_fn=<PowBackward0>), 'N': 1, 'K': 3000, 'real_K': 3000, 'L': 0.03186635545324935, 'mu': 0.01, 'std_x': 0.0, 'std_y': 0.0, 'is_force_b': False, 'method': 'primal_line_search_N_1_AGDA', 'pjx': False, 'pjy': True}
positive number of yi(batch): 6000 max y_i: 0.0001666564941406254 min y_i: 0.0001666564941406254
positive number of yi(total): 6000 max y_i: 0.0001666564941406254 min y_i: 0.0001666564941406254
-----------------------------------------------------------------------------------------------


-----------------------------------------------------------------------------------------------
Total Complexity:
sim times: 2 iter: 1463 epoch: 1463.0 OC: 8778000.0 SC: 8778000
Current Complexity:
iter: 1250 epoch: 1250.0 OC: 7500000.0 SC: 7500000
Iterates Info:
acc: 1.0 , loss: 0.00019776199356813935 , primalF: 0.0001977619935681388
||sto grad_x||^2: 9.053610817344794e-07 ||sto grad_y||^2: 0.0
||true grad_x||^2: 9.053610817344794e-07 ||true grad_y||^2: 0.0
lr_x: 0.33549897215637076 , lr_y: 31.381059609
mu: 0.01 , kappa: 10
{'lr_x': 0.33549897215637076, 'lr_y': 31.381059609, 'b': 6000, 'eps': tensor(0.2093, device='cuda:0', grad_fn=<PowBackward0>), 'N': 1, 'K': 3000, 'real_K': 3000, 'L': 0.03186635545324935, 'mu': 0.01, 'std_x': 0.0, 'std_y': 0.0, 'is_force_b': False, 'method': 'primal_line_search_N_1_AGDA', 'pjx': False, 'pjy': True}
positive number of yi(batch): 6000 max y_i: 0.0001666564941406254 min y_i: 0.0001666564941406254
positive number of yi(total): 6000 max y_i: 0.0001666564941406254 min y_i: 0.0001666564941406254
-----------------------------------------------------------------------------------------------


-----------------------------------------------------------------------------------------------
Total Complexity:
sim times: 2 iter: 1513 epoch: 1513.0 OC: 9078000.0 SC: 9078000
Current Complexity:
iter: 1300 epoch: 1300.0 OC: 7800000.0 SC: 7800000
Iterates Info:
acc: 1.0 , loss: 0.00018357416843003987 , primalF: 0.00018357416843003938
||sto grad_x||^2: 7.88921207082605e-07 ||sto grad_y||^2: 4.583703983483424e-36
||true grad_x||^2: 7.88921207082605e-07 ||true grad_y||^2: 0.0
lr_x: 0.33549897215637076 , lr_y: 31.381059609
mu: 0.01 , kappa: 10
{'lr_x': 0.33549897215637076, 'lr_y': 31.381059609, 'b': 6000, 'eps': tensor(0.2093, device='cuda:0', grad_fn=<PowBackward0>), 'N': 1, 'K': 3000, 'real_K': 3000, 'L': 0.03186635545324935, 'mu': 0.01, 'std_x': 0.0, 'std_y': 0.0, 'is_force_b': False, 'method': 'primal_line_search_N_1_AGDA', 'pjx': False, 'pjy': True}
positive number of yi(batch): 6000 max y_i: 0.0001666564941406254 min y_i: 0.0001666564941406254
positive number of yi(total): 6000 max y_i: 0.0001666564941406254 min y_i: 0.0001666564941406254
-----------------------------------------------------------------------------------------------


-----------------------------------------------------------------------------------------------
Total Complexity:
sim times: 2 iter: 1563 epoch: 1563.0 OC: 9378000.0 SC: 9378000
Current Complexity:
iter: 1350 epoch: 1350.0 OC: 8100000.0 SC: 8100000
Iterates Info:
acc: 1.0 , loss: 0.0001711609390693008 , primalF: 0.00017116093906930128
||sto grad_x||^2: 6.931070829104829e-07 ||sto grad_y||^2: 4.583703983483424e-36
||true grad_x||^2: 6.931070829104827e-07 ||true grad_y||^2: 0.0
lr_x: 0.33549897215637076 , lr_y: 31.381059609
mu: 0.01 , kappa: 10
{'lr_x': 0.33549897215637076, 'lr_y': 31.381059609, 'b': 6000, 'eps': tensor(0.2093, device='cuda:0', grad_fn=<PowBackward0>), 'N': 1, 'K': 3000, 'real_K': 3000, 'L': 0.03186635545324935, 'mu': 0.01, 'std_x': 0.0, 'std_y': 0.0, 'is_force_b': False, 'method': 'primal_line_search_N_1_AGDA', 'pjx': False, 'pjy': True}
positive number of yi(batch): 6000 max y_i: 0.00016665649414062452 min y_i: 0.00016665649414062452
positive number of yi(total): 6000 max y_i: 0.00016665649414062452 min y_i: 0.00016665649414062452
-----------------------------------------------------------------------------------------------


-----------------------------------------------------------------------------------------------
Total Complexity:
sim times: 2 iter: 1613 epoch: 1613.0 OC: 9678000.0 SC: 9678000
Current Complexity:
iter: 1400 epoch: 1400.0 OC: 8400000.0 SC: 8400000
Iterates Info:
acc: 1.0 , loss: 0.00016021610928473618 , primalF: 0.0001602161092847368
||sto grad_x||^2: 6.133653465807085e-07 ||sto grad_y||^2: 0.0
||true grad_x||^2: 6.133653465807085e-07 ||true grad_y||^2: 4.583703983483424e-36
lr_x: 0.33549897215637076 , lr_y: 31.381059609
mu: 0.01 , kappa: 10
{'lr_x': 0.33549897215637076, 'lr_y': 31.381059609, 'b': 6000, 'eps': tensor(0.2093, device='cuda:0', grad_fn=<PowBackward0>), 'N': 1, 'K': 3000, 'real_K': 3000, 'L': 0.03186635545324935, 'mu': 0.01, 'std_x': 0.0, 'std_y': 0.0, 'is_force_b': False, 'method': 'primal_line_search_N_1_AGDA', 'pjx': False, 'pjy': True}
positive number of yi(batch): 6000 max y_i: 0.00016665649414062452 min y_i: 0.00016665649414062452
positive number of yi(total): 6000 max y_i: 0.00016665649414062452 min y_i: 0.00016665649414062452
-----------------------------------------------------------------------------------------------


-----------------------------------------------------------------------------------------------
Total Complexity:
sim times: 2 iter: 1663 epoch: 1663.0 OC: 9978000.0 SC: 9978000
Current Complexity:
iter: 1450 epoch: 1450.0 OC: 8700000.0 SC: 8700000
Iterates Info:
acc: 1.0 , loss: 0.00015049943525297484 , primalF: 0.00015049943525297525
||sto grad_x||^2: 5.463220071278272e-07 ||sto grad_y||^2: 4.583703983483424e-36
||true grad_x||^2: 5.463220071278272e-07 ||true grad_y||^2: 0.0
lr_x: 0.33549897215637076 , lr_y: 31.381059609
mu: 0.01 , kappa: 10
{'lr_x': 0.33549897215637076, 'lr_y': 31.381059609, 'b': 6000, 'eps': tensor(0.2093, device='cuda:0', grad_fn=<PowBackward0>), 'N': 1, 'K': 3000, 'real_K': 3000, 'L': 0.03186635545324935, 'mu': 0.01, 'std_x': 0.0, 'std_y': 0.0, 'is_force_b': False, 'method': 'primal_line_search_N_1_AGDA', 'pjx': False, 'pjy': True}
positive number of yi(batch): 6000 max y_i: 0.00016665649414062452 min y_i: 0.00016665649414062452
positive number of yi(total): 6000 max y_i: 0.00016665649414062452 min y_i: 0.00016665649414062452
-----------------------------------------------------------------------------------------------


-----------------------------------------------------------------------------------------------
Total Complexity:
sim times: 2 iter: 1713 epoch: 1713.0 OC: 10278000.0 SC: 10278000
Current Complexity:
iter: 1500 epoch: 1500.0 OC: 9000000.0 SC: 9000000
Iterates Info:
acc: 1.0 , loss: 0.00014181989247175227 , primalF: 0.00014181989247175208
||sto grad_x||^2: 4.894492574317537e-07 ||sto grad_y||^2: 0.0
||true grad_x||^2: 4.894492574317537e-07 ||true grad_y||^2: 0.0
lr_x: 0.33549897215637076 , lr_y: 31.381059609
mu: 0.01 , kappa: 10
{'lr_x': 0.33549897215637076, 'lr_y': 31.381059609, 'b': 6000, 'eps': tensor(0.2093, device='cuda:0', grad_fn=<PowBackward0>), 'N': 1, 'K': 3000, 'real_K': 3000, 'L': 0.03186635545324935, 'mu': 0.01, 'std_x': 0.0, 'std_y': 0.0, 'is_force_b': False, 'method': 'primal_line_search_N_1_AGDA', 'pjx': False, 'pjy': True}
positive number of yi(batch): 6000 max y_i: 0.0001666564941406254 min y_i: 0.0001666564941406254
positive number of yi(total): 6000 max y_i: 0.0001666564941406254 min y_i: 0.0001666564941406254
-----------------------------------------------------------------------------------------------


-----------------------------------------------------------------------------------------------
Total Complexity:
sim times: 2 iter: 1763 epoch: 1763.0 OC: 10578000.0 SC: 10578000
Current Complexity:
iter: 1550 epoch: 1550.0 OC: 9300000.0 SC: 9300000
Iterates Info:
acc: 1.0 , loss: 0.00013402366669173897 , primalF: 0.0001340236666917386
||sto grad_x||^2: 4.4080852277939353e-07 ||sto grad_y||^2: 0.0
||true grad_x||^2: 4.4080852277939353e-07 ||true grad_y||^2: 0.0
lr_x: 0.33549897215637076 , lr_y: 31.381059609
mu: 0.01 , kappa: 10
{'lr_x': 0.33549897215637076, 'lr_y': 31.381059609, 'b': 6000, 'eps': tensor(0.2093, device='cuda:0', grad_fn=<PowBackward0>), 'N': 1, 'K': 3000, 'real_K': 3000, 'L': 0.03186635545324935, 'mu': 0.01, 'std_x': 0.0, 'std_y': 0.0, 'is_force_b': False, 'method': 'primal_line_search_N_1_AGDA', 'pjx': False, 'pjy': True}
positive number of yi(batch): 6000 max y_i: 0.0001666564941406254 min y_i: 0.0001666564941406254
positive number of yi(total): 6000 max y_i: 0.0001666564941406254 min y_i: 0.0001666564941406254
-----------------------------------------------------------------------------------------------


-----------------------------------------------------------------------------------------------
Total Complexity:
sim times: 2 iter: 1813 epoch: 1813.0 OC: 10878000.0 SC: 10878000
Current Complexity:
iter: 1600 epoch: 1600.0 OC: 9600000.0 SC: 9600000
Iterates Info:
acc: 1.0 , loss: 0.00012698559993743895 , primalF: 0.00012698559993743863
||sto grad_x||^2: 3.9890396834995976e-07 ||sto grad_y||^2: 4.583703983483424e-36
||true grad_x||^2: 3.9890396834995976e-07 ||true grad_y||^2: 4.583703983483424e-36
lr_x: 0.33549897215637076 , lr_y: 31.381059609
mu: 0.01 , kappa: 10
{'lr_x': 0.33549897215637076, 'lr_y': 31.381059609, 'b': 6000, 'eps': tensor(0.2093, device='cuda:0', grad_fn=<PowBackward0>), 'N': 1, 'K': 3000, 'real_K': 3000, 'L': 0.03186635545324935, 'mu': 0.01, 'std_x': 0.0, 'std_y': 0.0, 'is_force_b': False, 'method': 'primal_line_search_N_1_AGDA', 'pjx': False, 'pjy': True}
positive number of yi(batch): 6000 max y_i: 0.0001666564941406254 min y_i: 0.0001666564941406254
positive number of yi(total): 6000 max y_i: 0.0001666564941406254 min y_i: 0.0001666564941406254
-----------------------------------------------------------------------------------------------


-----------------------------------------------------------------------------------------------
Total Complexity:
sim times: 2 iter: 1863 epoch: 1863.0 OC: 11178000.0 SC: 11178000
Current Complexity:
iter: 1650 epoch: 1650.0 OC: 9900000.0 SC: 9900000
Iterates Info:
acc: 1.0 , loss: 0.00012060289108144174 , primalF: 0.00012060289108144174
||sto grad_x||^2: 3.6255690939860195e-07 ||sto grad_y||^2: 0.0
||true grad_x||^2: 3.6255690939860195e-07 ||true grad_y||^2: 0.0
lr_x: 0.33549897215637076 , lr_y: 31.381059609
mu: 0.01 , kappa: 10
{'lr_x': 0.33549897215637076, 'lr_y': 31.381059609, 'b': 6000, 'eps': tensor(0.2093, device='cuda:0', grad_fn=<PowBackward0>), 'N': 1, 'K': 3000, 'real_K': 3000, 'L': 0.03186635545324935, 'mu': 0.01, 'std_x': 0.0, 'std_y': 0.0, 'is_force_b': False, 'method': 'primal_line_search_N_1_AGDA', 'pjx': False, 'pjy': True}
positive number of yi(batch): 6000 max y_i: 0.00016665649414062495 min y_i: 0.00016665649414062495
positive number of yi(total): 6000 max y_i: 0.00016665649414062495 min y_i: 0.00016665649414062495
-----------------------------------------------------------------------------------------------


-----------------------------------------------------------------------------------------------
Total Complexity:
sim times: 2 iter: 1913 epoch: 1913.0 OC: 11478000.0 SC: 11478000
Current Complexity:
iter: 1700 epoch: 1700.0 OC: 10200000.0 SC: 10200000
Iterates Info:
acc: 1.0 , loss: 0.00011479025899114758 , primalF: 0.00011479025899114773
||sto grad_x||^2: 3.3084449035574865e-07 ||sto grad_y||^2: 0.0
||true grad_x||^2: 3.3084449035574865e-07 ||true grad_y||^2: 0.0
lr_x: 0.33549897215637076 , lr_y: 31.381059609
mu: 0.01 , kappa: 10
{'lr_x': 0.33549897215637076, 'lr_y': 31.381059609, 'b': 6000, 'eps': tensor(0.2093, device='cuda:0', grad_fn=<PowBackward0>), 'N': 1, 'K': 3000, 'real_K': 3000, 'L': 0.03186635545324935, 'mu': 0.01, 'std_x': 0.0, 'std_y': 0.0, 'is_force_b': False, 'method': 'primal_line_search_N_1_AGDA', 'pjx': False, 'pjy': True}
positive number of yi(batch): 6000 max y_i: 0.00016665649414062495 min y_i: 0.00016665649414062495
positive number of yi(total): 6000 max y_i: 0.00016665649414062495 min y_i: 0.00016665649414062495
-----------------------------------------------------------------------------------------------


-----------------------------------------------------------------------------------------------
Total Complexity:
sim times: 2 iter: 1963 epoch: 1963.0 OC: 11778000.0 SC: 11778000
Current Complexity:
iter: 1750 epoch: 1750.0 OC: 10500000.0 SC: 10500000
Iterates Info:
acc: 1.0 , loss: 0.00010947640613478325 , primalF: 0.0001094764061347834
||sto grad_x||^2: 3.0301759163091e-07 ||sto grad_y||^2: 0.0
||true grad_x||^2: 3.0301759163091e-07 ||true grad_y||^2: 0.0
lr_x: 0.33549897215637076 , lr_y: 31.381059609
mu: 0.01 , kappa: 10
{'lr_x': 0.33549897215637076, 'lr_y': 31.381059609, 'b': 6000, 'eps': tensor(0.2093, device='cuda:0', grad_fn=<PowBackward0>), 'N': 1, 'K': 3000, 'real_K': 3000, 'L': 0.03186635545324935, 'mu': 0.01, 'std_x': 0.0, 'std_y': 0.0, 'is_force_b': False, 'method': 'primal_line_search_N_1_AGDA', 'pjx': False, 'pjy': True}
positive number of yi(batch): 6000 max y_i: 0.00016665649414062495 min y_i: 0.00016665649414062495
positive number of yi(total): 6000 max y_i: 0.00016665649414062495 min y_i: 0.00016665649414062495
-----------------------------------------------------------------------------------------------


-----------------------------------------------------------------------------------------------
Total Complexity:
sim times: 2 iter: 2013 epoch: 2013.0 OC: 12078000.0 SC: 12078000
Current Complexity:
iter: 1800 epoch: 1800.0 OC: 10800000.0 SC: 10800000
Iterates Info:
acc: 1.0 , loss: 0.00010460130162409264 , primalF: 0.00010460130162409264
||sto grad_x||^2: 2.784768612298808e-07 ||sto grad_y||^2: 0.0
||true grad_x||^2: 2.784768612298808e-07 ||true grad_y||^2: 0.0
lr_x: 0.33549897215637076 , lr_y: 31.381059609
mu: 0.01 , kappa: 10
{'lr_x': 0.33549897215637076, 'lr_y': 31.381059609, 'b': 6000, 'eps': tensor(0.2093, device='cuda:0', grad_fn=<PowBackward0>), 'N': 1, 'K': 3000, 'real_K': 3000, 'L': 0.03186635545324935, 'mu': 0.01, 'std_x': 0.0, 'std_y': 0.0, 'is_force_b': False, 'method': 'primal_line_search_N_1_AGDA', 'pjx': False, 'pjy': True}
positive number of yi(batch): 6000 max y_i: 0.00016665649414062495 min y_i: 0.00016665649414062495
positive number of yi(total): 6000 max y_i: 0.00016665649414062495 min y_i: 0.00016665649414062495
-----------------------------------------------------------------------------------------------


-----------------------------------------------------------------------------------------------
Total Complexity:
sim times: 2 iter: 2063 epoch: 2063.0 OC: 12378000.0 SC: 12378000
Current Complexity:
iter: 1850 epoch: 1850.0 OC: 11100000.0 SC: 11100000
Iterates Info:
acc: 1.0 , loss: 0.00010011408689492126 , primalF: 0.00010011408689492126
||sto grad_x||^2: 2.567246080270933e-07 ||sto grad_y||^2: 0.0
||true grad_x||^2: 2.567246080270933e-07 ||true grad_y||^2: 0.0
lr_x: 0.33549897215637076 , lr_y: 31.381059609
mu: 0.01 , kappa: 10
{'lr_x': 0.33549897215637076, 'lr_y': 31.381059609, 'b': 6000, 'eps': tensor(0.2093, device='cuda:0', grad_fn=<PowBackward0>), 'N': 1, 'K': 3000, 'real_K': 3000, 'L': 0.03186635545324935, 'mu': 0.01, 'std_x': 0.0, 'std_y': 0.0, 'is_force_b': False, 'method': 'primal_line_search_N_1_AGDA', 'pjx': False, 'pjy': True}
positive number of yi(batch): 6000 max y_i: 0.00016665649414062495 min y_i: 0.00016665649414062495
positive number of yi(total): 6000 max y_i: 0.00016665649414062495 min y_i: 0.00016665649414062495
-----------------------------------------------------------------------------------------------


-----------------------------------------------------------------------------------------------
Total Complexity:
sim times: 2 iter: 2113 epoch: 2113.0 OC: 12678000.0 SC: 12678000
Current Complexity:
iter: 1900 epoch: 1900.0 OC: 11400000.0 SC: 11400000
Iterates Info:
acc: 1.0 , loss: 9.597140850481422e-05 , primalF: 9.597140850481422e-05
||sto grad_x||^2: 2.3736321198946273e-07 ||sto grad_y||^2: 0.0
||true grad_x||^2: 2.3736321198946273e-07 ||true grad_y||^2: 0.0
lr_x: 0.33549897215637076 , lr_y: 31.381059609
mu: 0.01 , kappa: 10
{'lr_x': 0.33549897215637076, 'lr_y': 31.381059609, 'b': 6000, 'eps': tensor(0.2093, device='cuda:0', grad_fn=<PowBackward0>), 'N': 1, 'K': 3000, 'real_K': 3000, 'L': 0.03186635545324935, 'mu': 0.01, 'std_x': 0.0, 'std_y': 0.0, 'is_force_b': False, 'method': 'primal_line_search_N_1_AGDA', 'pjx': False, 'pjy': True}
positive number of yi(batch): 6000 max y_i: 0.00016665649414062495 min y_i: 0.00016665649414062495
positive number of yi(total): 6000 max y_i: 0.00016665649414062495 min y_i: 0.00016665649414062495
-----------------------------------------------------------------------------------------------


-----------------------------------------------------------------------------------------------
Total Complexity:
sim times: 2 iter: 2163 epoch: 2163.0 OC: 12978000.0 SC: 12978000
Current Complexity:
iter: 1950 epoch: 1950.0 OC: 11700000.0 SC: 11700000
Iterates Info:
acc: 1.0 , loss: 9.213600137331451e-05 , primalF: 9.213600137331451e-05
||sto grad_x||^2: 2.2005986489937867e-07 ||sto grad_y||^2: 0.0
||true grad_x||^2: 2.2005986489937867e-07 ||true grad_y||^2: 0.0
lr_x: 0.33549897215637076 , lr_y: 31.381059609
mu: 0.01 , kappa: 10
{'lr_x': 0.33549897215637076, 'lr_y': 31.381059609, 'b': 6000, 'eps': tensor(0.2093, device='cuda:0', grad_fn=<PowBackward0>), 'N': 1, 'K': 3000, 'real_K': 3000, 'L': 0.03186635545324935, 'mu': 0.01, 'std_x': 0.0, 'std_y': 0.0, 'is_force_b': False, 'method': 'primal_line_search_N_1_AGDA', 'pjx': False, 'pjy': True}
positive number of yi(batch): 6000 max y_i: 0.00016665649414062495 min y_i: 0.00016665649414062495
positive number of yi(total): 6000 max y_i: 0.00016665649414062495 min y_i: 0.00016665649414062495
-----------------------------------------------------------------------------------------------


-----------------------------------------------------------------------------------------------
Total Complexity:
sim times: 2 iter: 2213 epoch: 2213.0 OC: 13278000.0 SC: 13278000
Current Complexity:
iter: 2000 epoch: 2000.0 OC: 12000000.0 SC: 12000000
Iterates Info:
acc: 1.0 , loss: 8.857572438501388e-05 , primalF: 8.857572438501388e-05
||sto grad_x||^2: 2.0453634586618405e-07 ||sto grad_y||^2: 0.0
||true grad_x||^2: 2.0453634586618405e-07 ||true grad_y||^2: 0.0
lr_x: 0.33549897215637076 , lr_y: 31.381059609
mu: 0.01 , kappa: 10
{'lr_x': 0.33549897215637076, 'lr_y': 31.381059609, 'b': 6000, 'eps': tensor(0.2093, device='cuda:0', grad_fn=<PowBackward0>), 'N': 1, 'K': 3000, 'real_K': 3000, 'L': 0.03186635545324935, 'mu': 0.01, 'std_x': 0.0, 'std_y': 0.0, 'is_force_b': False, 'method': 'primal_line_search_N_1_AGDA', 'pjx': False, 'pjy': True}
positive number of yi(batch): 6000 max y_i: 0.00016665649414062495 min y_i: 0.00016665649414062495
positive number of yi(total): 6000 max y_i: 0.00016665649414062495 min y_i: 0.00016665649414062495
-----------------------------------------------------------------------------------------------


-----------------------------------------------------------------------------------------------
Total Complexity:
sim times: 2 iter: 2263 epoch: 2263.0 OC: 13578000.0 SC: 13578000
Current Complexity:
iter: 2050 epoch: 2050.0 OC: 12300000.0 SC: 12300000
Iterates Info:
acc: 1.0 , loss: 8.526271214126284e-05 , primalF: 8.526271214126284e-05
||sto grad_x||^2: 1.905589343887462e-07 ||sto grad_y||^2: 0.0
||true grad_x||^2: 1.9055893438874623e-07 ||true grad_y||^2: 0.0
lr_x: 0.33549897215637076 , lr_y: 31.381059609
mu: 0.01 , kappa: 10
{'lr_x': 0.33549897215637076, 'lr_y': 31.381059609, 'b': 6000, 'eps': tensor(0.2093, device='cuda:0', grad_fn=<PowBackward0>), 'N': 1, 'K': 3000, 'real_K': 3000, 'L': 0.03186635545324935, 'mu': 0.01, 'std_x': 0.0, 'std_y': 0.0, 'is_force_b': False, 'method': 'primal_line_search_N_1_AGDA', 'pjx': False, 'pjy': True}
positive number of yi(batch): 6000 max y_i: 0.00016665649414062495 min y_i: 0.00016665649414062495
positive number of yi(total): 6000 max y_i: 0.00016665649414062495 min y_i: 0.00016665649414062495
-----------------------------------------------------------------------------------------------


-----------------------------------------------------------------------------------------------
Total Complexity:
sim times: 2 iter: 2313 epoch: 2313.0 OC: 13878000.0 SC: 13878000
Current Complexity:
iter: 2100 epoch: 2100.0 OC: 12600000.0 SC: 12600000
Iterates Info:
acc: 1.0 , loss: 8.217272144577264e-05 , primalF: 8.217272144577264e-05
||sto grad_x||^2: 1.7793075321037404e-07 ||sto grad_y||^2: 0.0
||true grad_x||^2: 1.7793075321037404e-07 ||true grad_y||^2: 0.0
lr_x: 0.33549897215637076 , lr_y: 31.381059609
mu: 0.01 , kappa: 10
{'lr_x': 0.33549897215637076, 'lr_y': 31.381059609, 'b': 6000, 'eps': tensor(0.2093, device='cuda:0', grad_fn=<PowBackward0>), 'N': 1, 'K': 3000, 'real_K': 3000, 'L': 0.03186635545324935, 'mu': 0.01, 'std_x': 0.0, 'std_y': 0.0, 'is_force_b': False, 'method': 'primal_line_search_N_1_AGDA', 'pjx': False, 'pjy': True}
positive number of yi(batch): 6000 max y_i: 0.00016665649414062495 min y_i: 0.00016665649414062495
positive number of yi(total): 6000 max y_i: 0.00016665649414062495 min y_i: 0.00016665649414062495
-----------------------------------------------------------------------------------------------


-----------------------------------------------------------------------------------------------
Total Complexity:
sim times: 2 iter: 2363 epoch: 2363.0 OC: 14178000.0 SC: 14178000
Current Complexity:
iter: 2150 epoch: 2150.0 OC: 12900000.0 SC: 12900000
Iterates Info:
acc: 1.0 , loss: 7.928451388573137e-05 , primalF: 7.928451388573137e-05
||sto grad_x||^2: 1.664872222287517e-07 ||sto grad_y||^2: 0.0
||true grad_x||^2: 1.664872222287517e-07 ||true grad_y||^2: 0.0
lr_x: 0.33549897215637076 , lr_y: 31.381059609
mu: 0.01 , kappa: 10
{'lr_x': 0.33549897215637076, 'lr_y': 31.381059609, 'b': 6000, 'eps': tensor(0.2093, device='cuda:0', grad_fn=<PowBackward0>), 'N': 1, 'K': 3000, 'real_K': 3000, 'L': 0.03186635545324935, 'mu': 0.01, 'std_x': 0.0, 'std_y': 0.0, 'is_force_b': False, 'method': 'primal_line_search_N_1_AGDA', 'pjx': False, 'pjy': True}
positive number of yi(batch): 6000 max y_i: 0.00016665649414062495 min y_i: 0.00016665649414062495
positive number of yi(total): 6000 max y_i: 0.00016665649414062495 min y_i: 0.00016665649414062495
-----------------------------------------------------------------------------------------------


-----------------------------------------------------------------------------------------------
Total Complexity:
sim times: 2 iter: 2413 epoch: 2413.0 OC: 14478000.0 SC: 14478000
Current Complexity:
iter: 2200 epoch: 2200.0 OC: 13200000.0 SC: 13200000
Iterates Info:
acc: 1.0 , loss: 7.657943349022248e-05 , primalF: 7.657943349022248e-05
||sto grad_x||^2: 1.5608623955435324e-07 ||sto grad_y||^2: 0.0
||true grad_x||^2: 1.5608623955435324e-07 ||true grad_y||^2: 0.0
lr_x: 0.33549897215637076 , lr_y: 31.381059609
mu: 0.01 , kappa: 10
{'lr_x': 0.33549897215637076, 'lr_y': 31.381059609, 'b': 6000, 'eps': tensor(0.2093, device='cuda:0', grad_fn=<PowBackward0>), 'N': 1, 'K': 3000, 'real_K': 3000, 'L': 0.03186635545324935, 'mu': 0.01, 'std_x': 0.0, 'std_y': 0.0, 'is_force_b': False, 'method': 'primal_line_search_N_1_AGDA', 'pjx': False, 'pjy': True}
positive number of yi(batch): 6000 max y_i: 0.00016665649414062495 min y_i: 0.00016665649414062495
positive number of yi(total): 6000 max y_i: 0.00016665649414062495 min y_i: 0.00016665649414062495
-----------------------------------------------------------------------------------------------


-----------------------------------------------------------------------------------------------
Total Complexity:
sim times: 2 iter: 2463 epoch: 2463.0 OC: 14778000.0 SC: 14778000
Current Complexity:
iter: 2250 epoch: 2250.0 OC: 13500000.0 SC: 13500000
Iterates Info:
acc: 1.0 , loss: 7.404101841989738e-05 , primalF: 7.404101841989738e-05
||sto grad_x||^2: 1.4660701315186632e-07 ||sto grad_y||^2: 0.0
||true grad_x||^2: 1.466070131518663e-07 ||true grad_y||^2: 0.0
lr_x: 0.33549897215637076 , lr_y: 31.381059609
mu: 0.01 , kappa: 10
{'lr_x': 0.33549897215637076, 'lr_y': 31.381059609, 'b': 6000, 'eps': tensor(0.2093, device='cuda:0', grad_fn=<PowBackward0>), 'N': 1, 'K': 3000, 'real_K': 3000, 'L': 0.03186635545324935, 'mu': 0.01, 'std_x': 0.0, 'std_y': 0.0, 'is_force_b': False, 'method': 'primal_line_search_N_1_AGDA', 'pjx': False, 'pjy': True}
positive number of yi(batch): 6000 max y_i: 0.00016665649414062495 min y_i: 0.00016665649414062495
positive number of yi(total): 6000 max y_i: 0.00016665649414062495 min y_i: 0.00016665649414062495
-----------------------------------------------------------------------------------------------


-----------------------------------------------------------------------------------------------
Total Complexity:
sim times: 2 iter: 2513 epoch: 2513.0 OC: 15078000.0 SC: 15078000
Current Complexity:
iter: 2300 epoch: 2300.0 OC: 13800000.0 SC: 13800000
Iterates Info:
acc: 1.0 , loss: 7.165469341172553e-05 , primalF: 7.165469341172553e-05
||sto grad_x||^2: 1.3794520932912855e-07 ||sto grad_y||^2: 0.0
||true grad_x||^2: 1.3794520932912855e-07 ||true grad_y||^2: 0.0
lr_x: 0.33549897215637076 , lr_y: 31.381059609
mu: 0.01 , kappa: 10
{'lr_x': 0.33549897215637076, 'lr_y': 31.381059609, 'b': 6000, 'eps': tensor(0.2093, device='cuda:0', grad_fn=<PowBackward0>), 'N': 1, 'K': 3000, 'real_K': 3000, 'L': 0.03186635545324935, 'mu': 0.01, 'std_x': 0.0, 'std_y': 0.0, 'is_force_b': False, 'method': 'primal_line_search_N_1_AGDA', 'pjx': False, 'pjy': True}
positive number of yi(batch): 6000 max y_i: 0.00016665649414062495 min y_i: 0.00016665649414062495
positive number of yi(total): 6000 max y_i: 0.00016665649414062495 min y_i: 0.00016665649414062495
-----------------------------------------------------------------------------------------------


-----------------------------------------------------------------------------------------------
Total Complexity:
sim times: 2 iter: 2563 epoch: 2563.0 OC: 15378000.0 SC: 15378000
Current Complexity:
iter: 2350 epoch: 2350.0 OC: 14100000.0 SC: 14100000
Iterates Info:
acc: 1.0 , loss: 6.940751485835313e-05 , primalF: 6.940751485835313e-05
||sto grad_x||^2: 1.3001044153652538e-07 ||sto grad_y||^2: 0.0
||true grad_x||^2: 1.3001044153652538e-07 ||true grad_y||^2: 0.0
lr_x: 0.33549897215637076 , lr_y: 31.381059609
mu: 0.01 , kappa: 10
{'lr_x': 0.33549897215637076, 'lr_y': 31.381059609, 'b': 6000, 'eps': tensor(0.2093, device='cuda:0', grad_fn=<PowBackward0>), 'N': 1, 'K': 3000, 'real_K': 3000, 'L': 0.03186635545324935, 'mu': 0.01, 'std_x': 0.0, 'std_y': 0.0, 'is_force_b': False, 'method': 'primal_line_search_N_1_AGDA', 'pjx': False, 'pjy': True}
positive number of yi(batch): 6000 max y_i: 0.00016665649414062495 min y_i: 0.00016665649414062495
positive number of yi(total): 6000 max y_i: 0.00016665649414062495 min y_i: 0.00016665649414062495
-----------------------------------------------------------------------------------------------


-----------------------------------------------------------------------------------------------
Total Complexity:
sim times: 2 iter: 2613 epoch: 2613.0 OC: 15678000.0 SC: 15678000
Current Complexity:
iter: 2400 epoch: 2400.0 OC: 14400000.0 SC: 14400000
Iterates Info:
acc: 1.0 , loss: 6.728795418496339e-05 , primalF: 6.728795418496339e-05
||sto grad_x||^2: 1.2272439167250117e-07 ||sto grad_y||^2: 0.0
||true grad_x||^2: 1.2272439167250117e-07 ||true grad_y||^2: 0.0
lr_x: 0.33549897215637076 , lr_y: 31.381059609
mu: 0.01 , kappa: 10
{'lr_x': 0.33549897215637076, 'lr_y': 31.381059609, 'b': 6000, 'eps': tensor(0.2093, device='cuda:0', grad_fn=<PowBackward0>), 'N': 1, 'K': 3000, 'real_K': 3000, 'L': 0.03186635545324935, 'mu': 0.01, 'std_x': 0.0, 'std_y': 0.0, 'is_force_b': False, 'method': 'primal_line_search_N_1_AGDA', 'pjx': False, 'pjy': True}
positive number of yi(batch): 6000 max y_i: 0.00016665649414062495 min y_i: 0.00016665649414062495
positive number of yi(total): 6000 max y_i: 0.00016665649414062495 min y_i: 0.00016665649414062495
-----------------------------------------------------------------------------------------------


-----------------------------------------------------------------------------------------------
Total Complexity:
sim times: 2 iter: 2663 epoch: 2663.0 OC: 15978000.0 SC: 15978000
Current Complexity:
iter: 2450 epoch: 2450.0 OC: 14700000.0 SC: 14700000
Iterates Info:
acc: 1.0 , loss: 6.528570477297938e-05 , primalF: 6.528570477297938e-05
||sto grad_x||^2: 1.1601914707379485e-07 ||sto grad_y||^2: 0.0
||true grad_x||^2: 1.1601914707379485e-07 ||true grad_y||^2: 0.0
lr_x: 0.33549897215637076 , lr_y: 31.381059609
mu: 0.01 , kappa: 10
{'lr_x': 0.33549897215637076, 'lr_y': 31.381059609, 'b': 6000, 'eps': tensor(0.2093, device='cuda:0', grad_fn=<PowBackward0>), 'N': 1, 'K': 3000, 'real_K': 3000, 'L': 0.03186635545324935, 'mu': 0.01, 'std_x': 0.0, 'std_y': 0.0, 'is_force_b': False, 'method': 'primal_line_search_N_1_AGDA', 'pjx': False, 'pjy': True}
positive number of yi(batch): 6000 max y_i: 0.00016665649414062495 min y_i: 0.00016665649414062495
positive number of yi(total): 6000 max y_i: 0.00016665649414062495 min y_i: 0.00016665649414062495
-----------------------------------------------------------------------------------------------


-----------------------------------------------------------------------------------------------
Total Complexity:
sim times: 2 iter: 2713 epoch: 2713.0 OC: 16278000.0 SC: 16278000
Current Complexity:
iter: 2500 epoch: 2500.0 OC: 15000000.0 SC: 15000000
Iterates Info:
acc: 1.0 , loss: 6.339152772743611e-05 , primalF: 6.339152772743611e-05
||sto grad_x||^2: 1.0983541970720741e-07 ||sto grad_y||^2: 0.0
||true grad_x||^2: 1.0983541970720745e-07 ||true grad_y||^2: 0.0
lr_x: 0.33549897215637076 , lr_y: 31.381059609
mu: 0.01 , kappa: 10
{'lr_x': 0.33549897215637076, 'lr_y': 31.381059609, 'b': 6000, 'eps': tensor(0.2093, device='cuda:0', grad_fn=<PowBackward0>), 'N': 1, 'K': 3000, 'real_K': 3000, 'L': 0.03186635545324935, 'mu': 0.01, 'std_x': 0.0, 'std_y': 0.0, 'is_force_b': False, 'method': 'primal_line_search_N_1_AGDA', 'pjx': False, 'pjy': True}
positive number of yi(batch): 6000 max y_i: 0.00016665649414062495 min y_i: 0.00016665649414062495
positive number of yi(total): 6000 max y_i: 0.00016665649414062495 min y_i: 0.00016665649414062495
-----------------------------------------------------------------------------------------------


-----------------------------------------------------------------------------------------------
Total Complexity:
sim times: 2 iter: 2763 epoch: 2763.0 OC: 16578000.0 SC: 16578000
Current Complexity:
iter: 2550 epoch: 2550.0 OC: 15300000.0 SC: 15300000
Iterates Info:
acc: 1.0 , loss: 6.159711710204119e-05 , primalF: 6.159711710204119e-05
||sto grad_x||^2: 1.0412097820679496e-07 ||sto grad_y||^2: 0.0
||true grad_x||^2: 1.0412097820679496e-07 ||true grad_y||^2: 0.0
lr_x: 0.33549897215637076 , lr_y: 31.381059609
mu: 0.01 , kappa: 10
{'lr_x': 0.33549897215637076, 'lr_y': 31.381059609, 'b': 6000, 'eps': tensor(0.2093, device='cuda:0', grad_fn=<PowBackward0>), 'N': 1, 'K': 3000, 'real_K': 3000, 'L': 0.03186635545324935, 'mu': 0.01, 'std_x': 0.0, 'std_y': 0.0, 'is_force_b': False, 'method': 'primal_line_search_N_1_AGDA', 'pjx': False, 'pjy': True}
positive number of yi(batch): 6000 max y_i: 0.00016665649414062495 min y_i: 0.00016665649414062495
positive number of yi(total): 6000 max y_i: 0.00016665649414062495 min y_i: 0.00016665649414062495
-----------------------------------------------------------------------------------------------


-----------------------------------------------------------------------------------------------
Total Complexity:
sim times: 2 iter: 2813 epoch: 2813.0 OC: 16878000.0 SC: 16878000
Current Complexity:
iter: 2600 epoch: 2600.0 OC: 15600000.0 SC: 15600000
Iterates Info:
acc: 1.0 , loss: 5.989498788589847e-05 , primalF: 5.989498788589847e-05
||sto grad_x||^2: 9.883024069023936e-08 ||sto grad_y||^2: 0.0
||true grad_x||^2: 9.883024069023936e-08 ||true grad_y||^2: 0.0
lr_x: 0.33549897215637076 , lr_y: 31.381059609
mu: 0.01 , kappa: 10
{'lr_x': 0.33549897215637076, 'lr_y': 31.381059609, 'b': 6000, 'eps': tensor(0.2093, device='cuda:0', grad_fn=<PowBackward0>), 'N': 1, 'K': 3000, 'real_K': 3000, 'L': 0.03186635545324935, 'mu': 0.01, 'std_x': 0.0, 'std_y': 0.0, 'is_force_b': False, 'method': 'primal_line_search_N_1_AGDA', 'pjx': False, 'pjy': True}
positive number of yi(batch): 6000 max y_i: 0.00016665649414062495 min y_i: 0.00016665649414062495
positive number of yi(total): 6000 max y_i: 0.00016665649414062495 min y_i: 0.00016665649414062495
-----------------------------------------------------------------------------------------------


-----------------------------------------------------------------------------------------------
Total Complexity:
sim times: 2 iter: 2863 epoch: 2863.0 OC: 17178000.0 SC: 17178000
Current Complexity:
iter: 2650 epoch: 2650.0 OC: 15900000.0 SC: 15900000
Iterates Info:
acc: 1.0 , loss: 5.8278374484471495e-05 , primalF: 5.8278374484471495e-05
||sto grad_x||^2: 9.392284829936599e-08 ||sto grad_y||^2: 0.0
||true grad_x||^2: 9.392284829936599e-08 ||true grad_y||^2: 0.0
lr_x: 0.33549897215637076 , lr_y: 31.381059609
mu: 0.01 , kappa: 10
{'lr_x': 0.33549897215637076, 'lr_y': 31.381059609, 'b': 6000, 'eps': tensor(0.2093, device='cuda:0', grad_fn=<PowBackward0>), 'N': 1, 'K': 3000, 'real_K': 3000, 'L': 0.03186635545324935, 'mu': 0.01, 'std_x': 0.0, 'std_y': 0.0, 'is_force_b': False, 'method': 'primal_line_search_N_1_AGDA', 'pjx': False, 'pjy': True}
positive number of yi(batch): 6000 max y_i: 0.00016665649414062495 min y_i: 0.00016665649414062495
positive number of yi(total): 6000 max y_i: 0.00016665649414062495 min y_i: 0.00016665649414062495
-----------------------------------------------------------------------------------------------


-----------------------------------------------------------------------------------------------
Total Complexity:
sim times: 2 iter: 2913 epoch: 2913.0 OC: 17478000.0 SC: 17478000
Current Complexity:
iter: 2700 epoch: 2700.0 OC: 16200000.0 SC: 16200000
Iterates Info:
acc: 1.0 , loss: 5.674114826728536e-05 , primalF: 5.674114826728536e-05
||sto grad_x||^2: 8.936316617981763e-08 ||sto grad_y||^2: 2.86481498967714e-37
||true grad_x||^2: 8.936316617981763e-08 ||true grad_y||^2: 2.86481498967714e-37
lr_x: 0.33549897215637076 , lr_y: 31.381059609
mu: 0.01 , kappa: 10
{'lr_x': 0.33549897215637076, 'lr_y': 31.381059609, 'b': 6000, 'eps': tensor(0.2093, device='cuda:0', grad_fn=<PowBackward0>), 'N': 1, 'K': 3000, 'real_K': 3000, 'L': 0.03186635545324935, 'mu': 0.01, 'std_x': 0.0, 'std_y': 0.0, 'is_force_b': False, 'method': 'primal_line_search_N_1_AGDA', 'pjx': False, 'pjy': True}
positive number of yi(batch): 6000 max y_i: 0.00016665649414062495 min y_i: 0.00016665649414062495
positive number of yi(total): 6000 max y_i: 0.00016665649414062495 min y_i: 0.00016665649414062495
-----------------------------------------------------------------------------------------------


-----------------------------------------------------------------------------------------------
Total Complexity:
sim times: 2 iter: 2963 epoch: 2963.0 OC: 17778000.0 SC: 17778000
Current Complexity:
iter: 2750 epoch: 2750.0 OC: 16500000.0 SC: 16500000
Iterates Info:
acc: 1.0 , loss: 5.5277744771291866e-05 , primalF: 5.5277744771291866e-05
||sto grad_x||^2: 8.511944486235775e-08 ||sto grad_y||^2: 2.86481498967714e-37
||true grad_x||^2: 8.511944486235775e-08 ||true grad_y||^2: 0.0
lr_x: 0.33549897215637076 , lr_y: 31.381059609
mu: 0.01 , kappa: 10
{'lr_x': 0.33549897215637076, 'lr_y': 31.381059609, 'b': 6000, 'eps': tensor(0.2093, device='cuda:0', grad_fn=<PowBackward0>), 'N': 1, 'K': 3000, 'real_K': 3000, 'L': 0.03186635545324935, 'mu': 0.01, 'std_x': 0.0, 'std_y': 0.0, 'is_force_b': False, 'method': 'primal_line_search_N_1_AGDA', 'pjx': False, 'pjy': True}
positive number of yi(batch): 6000 max y_i: 0.00016665649414062495 min y_i: 0.00016665649414062495
positive number of yi(total): 6000 max y_i: 0.00016665649414062495 min y_i: 0.00016665649414062495
-----------------------------------------------------------------------------------------------


-----------------------------------------------------------------------------------------------
Total Complexity:
sim times: 2 iter: 3013 epoch: 3013.0 OC: 18078000.0 SC: 18078000
Current Complexity:
iter: 2800 epoch: 2800.0 OC: 16800000.0 SC: 16800000
Iterates Info:
acc: 1.0 , loss: 5.3883101655012335e-05 , primalF: 5.388310165501227e-05
||sto grad_x||^2: 8.116370384113365e-08 ||sto grad_y||^2: 2.86481498967714e-37
||true grad_x||^2: 8.116370384113369e-08 ||true grad_y||^2: 0.0
lr_x: 0.33549897215637076 , lr_y: 31.381059609
mu: 0.01 , kappa: 10
{'lr_x': 0.33549897215637076, 'lr_y': 31.381059609, 'b': 6000, 'eps': tensor(0.2093, device='cuda:0', grad_fn=<PowBackward0>), 'N': 1, 'K': 3000, 'real_K': 3000, 'L': 0.03186635545324935, 'mu': 0.01, 'std_x': 0.0, 'std_y': 0.0, 'is_force_b': False, 'method': 'primal_line_search_N_1_AGDA', 'pjx': False, 'pjy': True}
positive number of yi(batch): 6000 max y_i: 0.00016665649414062517 min y_i: 0.00016665649414062517
positive number of yi(total): 6000 max y_i: 0.00016665649414062517 min y_i: 0.00016665649414062517
-----------------------------------------------------------------------------------------------


-----------------------------------------------------------------------------------------------
Total Complexity:
sim times: 2 iter: 3063 epoch: 3063.0 OC: 18378000.0 SC: 18378000
Current Complexity:
iter: 2850 epoch: 2850.0 OC: 17100000.0 SC: 17100000
Iterates Info:
acc: 1.0 , loss: 5.255260061130266e-05 , primalF: 5.255260061130266e-05
||sto grad_x||^2: 7.74707238730198e-08 ||sto grad_y||^2: 0.0
||true grad_x||^2: 7.74707238730198e-08 ||true grad_y||^2: 0.0
lr_x: 0.33549897215637076 , lr_y: 31.381059609
mu: 0.01 , kappa: 10
{'lr_x': 0.33549897215637076, 'lr_y': 31.381059609, 'b': 6000, 'eps': tensor(0.2093, device='cuda:0', grad_fn=<PowBackward0>), 'N': 1, 'K': 3000, 'real_K': 3000, 'L': 0.03186635545324935, 'mu': 0.01, 'std_x': 0.0, 'std_y': 0.0, 'is_force_b': False, 'method': 'primal_line_search_N_1_AGDA', 'pjx': False, 'pjy': True}
positive number of yi(batch): 6000 max y_i: 0.00016665649414062495 min y_i: 0.00016665649414062495
positive number of yi(total): 6000 max y_i: 0.00016665649414062495 min y_i: 0.00016665649414062495
-----------------------------------------------------------------------------------------------


-----------------------------------------------------------------------------------------------
Total Complexity:
sim times: 2 iter: 3113 epoch: 3113.0 OC: 18678000.0 SC: 18678000
Current Complexity:
iter: 2900 epoch: 2900.0 OC: 17400000.0 SC: 17400000
Iterates Info:
acc: 1.0 , loss: 5.128202397229562e-05 , primalF: 5.128202397229562e-05
||sto grad_x||^2: 7.401805107668129e-08 ||sto grad_y||^2: 0.0
||true grad_x||^2: 7.401805107668129e-08 ||true grad_y||^2: 0.0
lr_x: 0.33549897215637076 , lr_y: 31.381059609
mu: 0.01 , kappa: 10
{'lr_x': 0.33549897215637076, 'lr_y': 31.381059609, 'b': 6000, 'eps': tensor(0.2093, device='cuda:0', grad_fn=<PowBackward0>), 'N': 1, 'K': 3000, 'real_K': 3000, 'L': 0.03186635545324935, 'mu': 0.01, 'std_x': 0.0, 'std_y': 0.0, 'is_force_b': False, 'method': 'primal_line_search_N_1_AGDA', 'pjx': False, 'pjy': True}
positive number of yi(batch): 6000 max y_i: 0.00016665649414062495 min y_i: 0.00016665649414062495
positive number of yi(total): 6000 max y_i: 0.00016665649414062495 min y_i: 0.00016665649414062495
-----------------------------------------------------------------------------------------------


-----------------------------------------------------------------------------------------------
Total Complexity:
sim times: 2 iter: 3163 epoch: 3163.0 OC: 18978000.0 SC: 18978000
Current Complexity:
iter: 2950 epoch: 2950.0 OC: 17700000.0 SC: 17700000
Iterates Info:
acc: 1.0 , loss: 5.006751208681811e-05 , primalF: 5.006751208681811e-05
||sto grad_x||^2: 7.078537399526083e-08 ||sto grad_y||^2: 0.0
||true grad_x||^2: 7.078537399526083e-08 ||true grad_y||^2: 2.86481498967714e-37
lr_x: 0.33549897215637076 , lr_y: 31.381059609
mu: 0.01 , kappa: 10
{'lr_x': 0.33549897215637076, 'lr_y': 31.381059609, 'b': 6000, 'eps': tensor(0.2093, device='cuda:0', grad_fn=<PowBackward0>), 'N': 1, 'K': 3000, 'real_K': 3000, 'L': 0.03186635545324935, 'mu': 0.01, 'std_x': 0.0, 'std_y': 0.0, 'is_force_b': False, 'method': 'primal_line_search_N_1_AGDA', 'pjx': False, 'pjy': True}
positive number of yi(batch): 6000 max y_i: 0.00016665649414062495 min y_i: 0.00016665649414062495
positive number of yi(total): 6000 max y_i: 0.00016665649414062495 min y_i: 0.00016665649414062495
-----------------------------------------------------------------------------------------------


-----------------------------------------------------------------------------------------------
Total Complexity:
sim times: 2 iter: 3213 epoch: 3213.0 OC: 19278000.0 SC: 19278000
Current Complexity:
iter: 3000 epoch: 3000.0 OC: 18000000.0 SC: 18000000
Iterates Info:
acc: 1.0 , loss: 4.8905527270016765e-05 , primalF: 4.890552727001671e-05
||sto grad_x||^2: 6.775468979024254e-08 ||sto grad_y||^2: 2.86481498967714e-37
||true grad_x||^2: 6.775468979024254e-08 ||true grad_y||^2: 0.0
lr_x: 0.33549897215637076 , lr_y: 31.381059609
mu: 0.01 , kappa: 10
{'lr_x': 0.33549897215637076, 'lr_y': 31.381059609, 'b': 6000, 'eps': tensor(0.2093, device='cuda:0', grad_fn=<PowBackward0>), 'N': 1, 'K': 3000, 'real_K': 3000, 'L': 0.03186635545324935, 'mu': 0.01, 'std_x': 0.0, 'std_y': 0.0, 'is_force_b': False, 'method': 'primal_line_search_N_1_AGDA', 'pjx': False, 'pjy': True}
positive number of yi(batch): 6000 max y_i: 0.00016665649414062517 min y_i: 0.00016665649414062517
positive number of yi(total): 6000 max y_i: 0.00016665649414062517 min y_i: 0.00016665649414062517
-----------------------------------------------------------------------------------------------


Contraction 10 successes!!! Gap=-0.0034509950730940513, lcondition=6.775468979024254e-08, rcondition=0.0034510628277838414, Phi0=0.6887043131185769, Phik=4.890552727001671e-05

